img_path,stratum,cell_id,y,x0,x1,y0,y1
./images/beogradska.jpeg,1,beogradska_r23_c16,81.0,336,358,803,838
./images/beogradska.jpeg,1,beogradska_r23_c19,71.0,403,425,803,838
./images/beogradska.jpeg,1,beogradska_r24_c24,77.0,515,537,839,875
./images/beogradska.jpeg,1,beogradska_r26_c20,61.0,426,447,912,948
./images/beogradska.jpeg,1,beogradska_r22_c26,79.0,560,581,766,802
./images/beogradska.jpeg,1,beogradska_r08_c36,60.0,784,805,256,291
./images/beogradska.jpeg,1,beogradska_r34_c08,73.0,157,179,1204,1240
./images/beogradska.jpeg,1,beogradska_r39_c18,62.0,381,402,1387,1422
./images/beogradska.jpeg,1,beogradska_r30_c11,78.0,224,246,1058,1094
./images/beogradska.jpeg,1,beogradska_r37_c09,67.0,180,201,1314,1349
./images/beogradska.jpeg,1,beogradska_r27_c23,66.0,493,514,949,984
./images/beogradska.jpeg,1,beogradska_r39_c20,55.0,426,447,1387,1422
./images/beogradska.jpeg,1,beogradska_r29_c12,66.0,247,268,1022,1057
./images/beogradska.jpeg,1,beogradska_r30_c19,72.0,403,425,1058,1094
./images/beogradska.jpeg,1,beogradska_r19_c25,70.0,538,559,657,693
./images/beogradska.jpeg,1,beogradska_r34_c16,74.0,336,358,1204,1240
./images/beogradska.jpeg,1,beogradska_r31_c18,67.0,381,402,1095,1130
./images/beogradska.jpeg,1,beogradska_r38_c17,71.0,359,380,1350,1386
./images/beogradska.jpeg,1,beogradska_r11_c33,77.0,717,738,365,401
./images/beogradska.jpeg,1,beogradska_r37_c18,55.0,381,402,1314,1349
./images/beogradska.jpeg,1,beogradska_r29_c13,68.0,269,290,1022,1057
./images/beogradska.jpeg,1,beogradska_r28_c20,65.0,426,447,985,1021
./images/beogradska.jpeg,1,beogradska_r21_c26,70.0,560,581,730,765
./images/beogradska.jpeg,1,beogradska_r19_c18,68.0,381,402,657,693
./images/beogradska.jpeg,1,beogradska_r19_c26,76.0,560,581,657,693
./images/beogradska.jpeg,1,beogradska_r21_c07,57.0,135,156,730,765
./images/beogradska.jpeg,1,beogradska_r28_c22,69.0,470,492,985,1021
./images/beogradska.jpeg,1,beogradska_r23_c15,79.0,314,335,803,838
./images/beogradska.jpeg,1,beogradska_r37_c06,62.0,112,134,1314,1349
./images/beogradska.jpeg,1,beogradska_r39_c07,64.0,135,156,1387,1422
./images/beogradska.jpeg,1,beogradska_r16_c31,64.0,672,693,548,583
./images/beogradska.jpeg,1,beogradska_r34_c15,73.0,314,335,1204,1240
./images/beogradska.jpeg,1,beogradska_r39_c06,66.0,112,134,1387,1422
./images/beogradska.jpeg,1,beogradska_r32_c03,76.0,45,67,1131,1167
./images/beogradska.jpeg,1,beogradska_r29_c20,66.0,426,447,1022,1057
./images/beogradska.jpeg,1,beogradska_r28_c19,68.0,403,425,985,1021
./images/beogradska.jpeg,1,beogradska_r36_c11,82.0,224,246,1277,1313
./images/beogradska.jpeg,1,beogradska_r24_c17,73.0,359,380,839,875
./images/beogradska.jpeg,1,beogradska_r22_c19,88.0,403,425,766,802
./images/beogradska.jpeg,1,beogradska_r19_c27,69.0,582,604,657,693
./images/beogradska.jpeg,1,beogradska_r24_c22,64.0,470,492,839,875
./images/beogradska.jpeg,1,beogradska_r31_c08,80.0,157,179,1095,1130
./images/beogradska.jpeg,1,beogradska_r30_c04,75.0,68,89,1058,1094
./images/beogradska.jpeg,1,beogradska_r09_c35,83.0,761,783,292,328
./images/beogradska.jpeg,1,beogradska_r25_c24,79.0,515,537,876,911
./images/beogradska.jpeg,1,beogradska_r29_c22,72.0,470,492,1022,1057
./images/beogradska.jpeg,1,beogradska_r19_c24,61.0,515,537,657,693
./images/beogradska.jpeg,1,beogradska_r37_c14,76.0,291,313,1314,1349
./images/beogradska.jpeg,1,beogradska_r22_c20,65.0,426,447,766,802
./images/beogradska.jpeg,1,beogradska_r24_c20,79.0,426,447,839,875
./images/beogradska.jpeg,1,beogradska_r30_c08,79.0,157,179,1058,1094
./images/beogradska.jpeg,1,beogradska_r35_c05,71.0,90,111,1241,1276
./images/beogradska.jpeg,1,beogradska_r35_c09,66.0,180,201,1241,1276
./images/beogradska.jpeg,1,beogradska_r20_c22,78.0,470,492,694,729
./images/beogradska.jpeg,1,beogradska_r38_c05,74.0,90,111,1350,1386
./images/beogradska.jpeg,1,beogradska_r37_c11,67.0,224,246,1314,1349
./images/beogradska.jpeg,2,beogradska_r27_c15,75.0,314,335,949,984
./images/beogradska.jpeg,2,beogradska_r40_c24,77.0,515,537,1423,1459
./images/beogradska.jpeg,2,beogradska_r40_c16,69.0,336,358,1423,1459
./images/beogradska.jpeg,2,beogradska_r32_c16,71.0,336,358,1131,1167
./images/beogradska.jpeg,2,beogradska_r16_c14,72.0,291,313,548,583
./images/beogradska.jpeg,2,beogradska_r31_c09,58.0,180,201,1095,1130
./images/beogradska.jpeg,2,beogradska_r37_c20,76.0,426,447,1314,1349
./images/beogradska.jpeg,2,beogradska_r15_c32,80.0,694,716,511,547
./images/beogradska.jpeg,2,beogradska_r39_c32,66.0,694,716,1387,1422
./images/beogradska.jpeg,2,beogradska_r17_c28,75.0,605,626,584,620
./images/beogradska.jpeg,2,beogradska_r12_c03,45.0,45,67,402,437
./images/beogradska.jpeg,2,beogradska_r36_c18,70.0,381,402,1277,1313
./images/beogradska.jpeg,2,beogradska_r22_c06,63.0,112,134,766,802
./images/beogradska.jpeg,2,beogradska_r39_c01,68.0,1,22,1387,1422
./images/beogradska.jpeg,2,beogradska_r40_c06,73.0,112,134,1423,1459
./images/beogradska.jpeg,2,beogradska_r29_c11,61.0,224,246,1022,1057
./images/beogradska.jpeg,2,beogradska_r19_c33,57.0,717,738,657,693
./images/beogradska.jpeg,2,beogradska_r09_c34,60.0,739,760,292,328
./images/beogradska.jpeg,2,beogradska_r31_c13,64.0,269,290,1095,1130
./images/beogradska.jpeg,2,beogradska_r18_c19,75.0,403,425,621,656
./images/beogradska.jpeg,2,beogradska_r38_c19,84.0,403,425,1350,1386
./images/beogradska.jpeg,2,beogradska_r31_c10,65.0,202,223,1095,1130
./images/beogradska.jpeg,2,beogradska_r37_c23,57.0,493,514,1314,1349
./images/beogradska.jpeg,2,beogradska_r08_c37,58.0,806,827,256,291
./images/beogradska.jpeg,2,beogradska_r40_c18,66.0,381,402,1423,1459
./images/beogradska.jpeg,2,beogradska_r37_c22,74.0,470,492,1314,1349
./images/beogradska.jpeg,2,beogradska_r22_c22,59.0,470,492,766,802
./images/beogradska.jpeg,2,beogradska_r40_c02,62.0,23,44,1423,1459
./images/beogradska.jpeg,2,beogradska_r40_c13,60.0,269,290,1423,1459
./images/beogradska.jpeg,2,beogradska_r40_c19,71.0,403,425,1423,1459
./images/beogradska.jpeg,2,beogradska_r23_c20,70.0,426,447,803,838
./images/beogradska.jpeg,2,beogradska_r38_c22,60.0,470,492,1350,1386
./images/beogradska.jpeg,2,beogradska_r21_c28,68.0,605,626,730,765
./images/beogradska.jpeg,2,beogradska_r29_c10,63.0,202,223,1022,1057
./images/beogradska.jpeg,2,beogradska_r40_c32,71.0,694,716,1423,1459
./images/beogradska.jpeg,2,beogradska_r34_c06,79.0,112,134,1204,1240
./images/beogradska.jpeg,2,beogradska_r28_c23,64.0,493,514,985,1021
./images/beogradska.jpeg,2,beogradska_r30_c05,54.0,90,111,1058,1094
./images/beogradska.jpeg,2,beogradska_r40_c30,70.0,649,671,1423,1459
./images/beogradska.jpeg,2,beogradska_r39_c24,50.0,515,537,1387,1422
./images/beogradska.jpeg,2,beogradska_r26_c11,65.0,224,246,912,948
./images/beogradska.jpeg,2,beogradska_r38_c20,73.0,426,447,1350,1386
./images/beogradska.jpeg,2,beogradska_r23_c21,64.0,448,469,803,838
./images/beogradska.jpeg,2,beogradska_r38_c12,70.0,247,268,1350,1386
./images/beogradska.jpeg,2,beogradska_r36_c03,75.0,45,67,1277,1313
./images/beogradska.jpeg,2,beogradska_r04_c39,57.0,851,872,110,145
./images/beogradska.jpeg,2,beogradska_r18_c31,41.0,672,693,621,656
./images/beogradska.jpeg,2,beogradska_r39_c35,65.0,761,783,1387,1422
./images/beogradska.jpeg,2,beogradska_r21_c08,77.0,157,179,730,765
./images/beogradska.jpeg,2,beogradska_r37_c21,74.0,448,469,1314,1349
./images/beogradska.jpeg,2,beogradska_r34_c10,64.0,202,223,1204,1240
./images/beogradska.jpeg,3,beogradska_r13_c29,49.0,627,648,438,474
./images/beogradska.jpeg,3,beogradska_r27_c24,52.0,515,537,949,984
./images/beogradska.jpeg,3,beogradska_r26_c01,45.0,1,22,912,948
./images/beogradska.jpeg,3,beogradska_r36_c24,54.0,515,537,1277,1313
./images/beogradska.jpeg,3,beogradska_r32_c09,63.0,180,201,1131,1167
./images/beogradska.jpeg,3,beogradska_r40_c36,51.0,784,805,1423,1459
./images/beogradska.jpeg,3,beogradska_r18_c16,52.0,336,358,621,656
./images/beogradska.jpeg,3,beogradska_r26_c02,35.0,23,44,912,948
./images/beogradska.jpeg,3,beogradska_r21_c13,34.0,269,290,730,765
./images/beogradska.jpeg,3,beogradska_r20_c35,27.0,761,783,694,729
./images/beogradska.jpeg,3,beogradska_r19_c35,43.0,761,783,657,693
./images/beogradska.jpeg,3,beogradska_r33_c11,51.0,224,246,1168,1203
./images/beogradska.jpeg,3,beogradska_r22_c01,61.0,1,22,766,802
./images/beogradska.jpeg,3,beogradska_r20_c07,52.0,135,156,694,729
./images/beogradska.jpeg,3,beogradska_r17_c16,46.0,336,358,584,620
./images/beogradska.jpeg,3,beogradska_r20_c38,34.0,828,850,694,729
./images/beogradska.jpeg,3,beogradska_r37_c30,49.0,649,671,1314,1349
./images/beogradska.jpeg,3,beogradska_r15_c11,36.0,224,246,511,547
./images/beogradska.jpeg,3,beogradska_r39_c31,64.0,672,693,1387,1422
./images/beogradska.jpeg,3,beogradska_r39_c33,34.0,717,738,1387,1422
./images/beogradska.jpeg,3,beogradska_r18_c15,30.0,314,335,621,656
./images/beogradska.jpeg,3,beogradska_r23_c01,57.0,1,22,803,838
./images/beogradska.jpeg,3,beogradska_r20_c14,44.0,291,313,694,729
./images/beogradska.jpeg,3,beogradska_r20_c15,46.0,314,335,694,729
./images/beogradska.jpeg,3,beogradska_r38_c32,51.0,694,716,1350,1386
./images/beogradska.jpeg,3,beogradska_r36_c30,41.0,649,671,1277,1313
./images/beogradska.jpeg,3,beogradska_r26_c08,67.0,157,179,912,948
./images/beogradska.jpeg,3,beogradska_r19_c32,51.0,694,716,657,693
./images/beogradska.jpeg,3,beogradska_r23_c02,58.0,23,44,803,838
./images/beogradska.jpeg,3,beogradska_r26_c13,55.0,269,290,912,948
./images/beogradska.jpeg,3,beogradska_r20_c16,62.0,336,358,694,729
./images/beogradska.jpeg,3,beogradska_r22_c07,29.0,135,156,766,802
./images/beogradska.jpeg,3,beogradska_r25_c09,37.0,180,201,876,911
./images/beogradska.jpeg,3,beogradska_r16_c12,39.0,247,268,548,583
./images/beogradska.jpeg,3,beogradska_r23_c13,37.0,269,290,803,838
./images/beogradska.jpeg,3,beogradska_r22_c16,49.0,336,358,766,802
./images/beogradska.jpeg,3,beogradska_r40_c40,56.0,873,895,1423,1459
./images/beogradska.jpeg,3,beogradska_r22_c02,43.0,23,44,766,802
./images/beogradska.jpeg,3,beogradska_r14_c29,38.0,627,648,475,510
./images/beogradska.jpeg,3,beogradska_r21_c04,42.0,68,89,730,765
./images/beogradska.jpeg,3,beogradska_r27_c03,43.0,45,67,949,984
./images/beogradska.jpeg,3,beogradska_r14_c12,46.0,247,268,475,510
./images/beogradska.jpeg,3,beogradska_r13_c14,48.0,291,313,438,474
./images/beogradska.jpeg,3,beogradska_r17_c21,26.0,448,469,584,620
./images/beogradska.jpeg,3,beogradska_r22_c28,43.0,605,626,766,802
./images/beogradska.jpeg,3,beogradska_r33_c08,54.0,157,179,1168,1203
./images/beogradska.jpeg,3,beogradska_r27_c05,53.0,90,111,949,984
./images/beogradska.jpeg,3,beogradska_r35_c24,45.0,515,537,1241,1276
./images/beogradska.jpeg,3,beogradska_r18_c05,41.0,90,111,621,656
./images/beogradska.jpeg,3,beogradska_r21_c14,38.0,291,313,730,765
./images/beogradska.jpeg,3,beogradska_r23_c10,32.0,202,223,803,838
./images/beogradska.jpeg,3,beogradska_r19_c30,54.0,649,671,657,693
./images/beogradska.jpeg,3,beogradska_r38_c30,39.0,649,671,1350,1386
./images/beogradska.jpeg,3,beogradska_r40_c01,43.0,1,22,1423,1459
./images/beogradska.jpeg,3,beogradska_r38_c27,54.0,582,604,1350,1386
./images/beogradska.jpeg,3,beogradska_r31_c06,54.0,112,134,1095,1130
./images/beogradska.jpeg,3,beogradska_r12_c13,23.0,269,290,402,437
./images/beogradska.jpeg,3,beogradska_r27_c08,58.0,157,179,949,984
./images/beogradska.jpeg,3,beogradska_r16_c11,29.0,224,246,548,583
./images/beogradska.jpeg,3,beogradska_r20_c08,48.0,157,179,694,729
./images/beogradska.jpeg,3,beogradska_r28_c02,29.0,23,44,985,1021
./images/beogradska.jpeg,3,beogradska_r21_c03,46.0,45,67,730,765
./images/beogradska.jpeg,3,beogradska_r18_c33,44.0,717,738,621,656
./images/beogradska.jpeg,3,beogradska_r07_c38,42.0,828,850,219,255
./images/beogradska.jpeg,3,beogradska_r35_c21,57.0,448,469,1241,1276
./images/beogradska.jpeg,3,beogradska_r17_c23,49.0,493,514,584,620
./images/beogradska.jpeg,3,beogradska_r22_c14,35.0,291,313,766,802
./images/beogradska.jpeg,3,beogradska_r29_c05,45.0,90,111,1022,1057
./images/beogradska.jpeg,3,beogradska_r39_c38,27.0,828,850,1387,1422
./images/beogradska.jpeg,3,beogradska_r16_c25,33.0,538,559,548,583
./images/beogradska.jpeg,3,beogradska_r23_c27,46.0,582,604,803,838
./images/beogradska.jpeg,3,beogradska_r20_c02,49.0,23,44,694,729
./images/beogradska.jpeg,3,beogradska_r25_c11,25.0,224,246,876,911
./images/bulevar-oslobodjenja.jpeg,1,bulevar-oslobodjenja_r16_c21,21.0,250,261,433,461
./images/bulevar-oslobodjenja.jpeg,1,bulevar-oslobodjenja_r31_c25,22.0,299,311,865,893
./images/bulevar-oslobodjenja.jpeg,1,bulevar-oslobodjenja_r14_c23,30.0,274,286,375,403
./images/bulevar-oslobodjenja.jpeg,1,bulevar-oslobodjenja_r20_c26,27.0,312,323,548,576
./images/bulevar-oslobodjenja.jpeg,1,bulevar-oslobodjenja_r38_c21,26.0,250,261,1067,1095
./images/bulevar-oslobodjenja.jpeg,1,bulevar-oslobodjenja_r09_c24,30.0,287,298,231,259
./images/bulevar-oslobodjenja.jpeg,1,bulevar-oslobodjenja_r15_c23,33.0,274,286,404,432
./images/bulevar-oslobodjenja.jpeg,1,bulevar-oslobodjenja_r38_c18,41.0,212,224,1067,1095
./images/bulevar-oslobodjenja.jpeg,1,bulevar-oslobodjenja_r29_c21,26.0,250,261,808,835
./images/bulevar-oslobodjenja.jpeg,1,bulevar-oslobodjenja_r31_c21,29.0,250,261,865,893
./images/bulevar-oslobodjenja.jpeg,1,bulevar-oslobodjenja_r20_c20,20.0,237,249,548,576
./images/bulevar-oslobodjenja.jpeg,1,bulevar-oslobodjenja_r24_c20,29.0,237,249,663,691
./images/bulevar-oslobodjenja.jpeg,1,bulevar-oslobodjenja_r11_c24,23.0,287,298,289,317
./images/bulevar-oslobodjenja.jpeg,1,bulevar-oslobodjenja_r28_c20,28.0,237,249,779,807
./images/bulevar-oslobodjenja.jpeg,1,bulevar-oslobodjenja_r35_c22,28.0,262,273,981,1008
./images/bulevar-oslobodjenja.jpeg,1,bulevar-oslobodjenja_r25_c23,30.0,274,286,692,720
./images/bulevar-oslobodjenja.jpeg,1,bulevar-oslobodjenja_r22_c19,32.0,225,236,606,634
./images/bulevar-oslobodjenja.jpeg,1,bulevar-oslobodjenja_r39_c19,31.0,225,236,1096,1124
./images/bulevar-oslobodjenja.jpeg,1,bulevar-oslobodjenja_r24_c26,30.0,312,323,663,691
./images/bulevar-oslobodjenja.jpeg,1,bulevar-oslobodjenja_r17_c29,25.0,349,361,462,490
./images/bulevar-oslobodjenja.jpeg,1,bulevar-oslobodjenja_r31_c17,26.0,200,211,865,893
./images/bulevar-oslobodjenja.jpeg,1,bulevar-oslobodjenja_r25_c18,25.0,212,224,692,720
./images/bulevar-oslobodjenja.jpeg,1,bulevar-oslobodjenja_r26_c21,25.0,250,261,721,749
./images/bulevar-oslobodjenja.jpeg,1,bulevar-oslobodjenja_r32_c19,21.0,225,236,894,922
./images/bulevar-oslobodjenja.jpeg,1,bulevar-oslobodjenja_r18_c23,35.0,274,286,491,518
./images/bulevar-oslobodjenja.jpeg,1,bulevar-oslobodjenja_r40_c19,32.0,225,236,1125,1153
./images/bulevar-oslobodjenja.jpeg,1,bulevar-oslobodjenja_r16_c23,23.0,274,286,433,461
./images/bulevar-oslobodjenja.jpeg,1,bulevar-oslobodjenja_r13_c20,31.0,237,249,346,374
./images/bulevar-oslobodjenja.jpeg,1,bulevar-oslobodjenja_r35_c17,29.0,200,211,981,1008
./images/bulevar-oslobodjenja.jpeg,1,bulevar-oslobodjenja_r31_c22,33.0,262,273,865,893
./images/bulevar-oslobodjenja.jpeg,1,bulevar-oslobodjenja_r32_c21,24.0,250,261,894,922
./images/bulevar-oslobodjenja.jpeg,1,bulevar-oslobodjenja_r26_c18,25.0,212,224,721,749
./images/bulevar-oslobodjenja.jpeg,1,bulevar-oslobodjenja_r17_c24,23.0,287,298,462,490
./images/bulevar-oslobodjenja.jpeg,1,bulevar-oslobodjenja_r15_c25,33.0,299,311,404,432
./images/bulevar-oslobodjenja.jpeg,1,bulevar-oslobodjenja_r39_c17,16.0,200,211,1096,1124
./images/bulevar-oslobodjenja.jpeg,1,bulevar-oslobodjenja_r28_c19,32.0,225,236,779,807
./images/bulevar-oslobodjenja.jpeg,1,bulevar-oslobodjenja_r38_c22,27.0,262,273,1067,1095
./images/bulevar-oslobodjenja.jpeg,1,bulevar-oslobodjenja_r29_c16,33.0,187,199,808,835
./images/bulevar-oslobodjenja.jpeg,1,bulevar-oslobodjenja_r39_c14,28.0,162,174,1096,1124
./images/bulevar-oslobodjenja.jpeg,1,bulevar-oslobodjenja_r21_c23,28.0,274,286,577,605
./images/bulevar-oslobodjenja.jpeg,1,bulevar-oslobodjenja_r27_c16,26.0,187,199,750,778
./images/bulevar-oslobodjenja.jpeg,1,bulevar-oslobodjenja_r29_c23,30.0,274,286,808,835
./images/bulevar-oslobodjenja.jpeg,1,bulevar-oslobodjenja_r15_c20,36.0,237,249,404,432
./images/bulevar-oslobodjenja.jpeg,1,bulevar-oslobodjenja_r33_c17,29.0,200,211,923,951
./images/bulevar-oslobodjenja.jpeg,1,bulevar-oslobodjenja_r17_c25,36.0,299,311,462,490
./images/bulevar-oslobodjenja.jpeg,1,bulevar-oslobodjenja_r31_c18,32.0,212,224,865,893
./images/bulevar-oslobodjenja.jpeg,1,bulevar-oslobodjenja_r22_c24,23.0,287,298,606,634
./images/bulevar-oslobodjenja.jpeg,1,bulevar-oslobodjenja_r20_c28,24.0,337,348,548,576
./images/bulevar-oslobodjenja.jpeg,1,bulevar-oslobodjenja_r24_c19,29.0,225,236,663,691
./images/bulevar-oslobodjenja.jpeg,1,bulevar-oslobodjenja_r20_c24,25.0,287,298,548,576
./images/bulevar-oslobodjenja.jpeg,1,bulevar-oslobodjenja_r30_c20,27.0,237,249,836,864
./images/bulevar-oslobodjenja.jpeg,1,bulevar-oslobodjenja_r27_c15,30.0,175,186,750,778
./images/bulevar-oslobodjenja.jpeg,2,bulevar-oslobodjenja_r34_c09,23.0,100,112,952,980
./images/bulevar-oslobodjenja.jpeg,2,bulevar-oslobodjenja_r20_c17,22.0,200,211,548,576
./images/bulevar-oslobodjenja.jpeg,2,bulevar-oslobodjenja_r17_c30,25.0,362,373,462,490
./images/bulevar-oslobodjenja.jpeg,2,bulevar-oslobodjenja_r37_c24,23.0,287,298,1038,1066
./images/bulevar-oslobodjenja.jpeg,2,bulevar-oslobodjenja_r07_c22,29.0,262,273,173,201
./images/bulevar-oslobodjenja.jpeg,2,bulevar-oslobodjenja_r16_c27,33.0,324,336,433,461
./images/bulevar-oslobodjenja.jpeg,2,bulevar-oslobodjenja_r28_c15,27.0,175,186,779,807
./images/bulevar-oslobodjenja.jpeg,2,bulevar-oslobodjenja_r13_c23,35.0,274,286,346,374
./images/bulevar-oslobodjenja.jpeg,2,bulevar-oslobodjenja_r09_c23,32.0,274,286,231,259
./images/bulevar-oslobodjenja.jpeg,2,bulevar-oslobodjenja_r40_c23,35.0,274,286,1125,1153
./images/bulevar-oslobodjenja.jpeg,2,bulevar-oslobodjenja_r35_c23,16.0,274,286,981,1008
./images/bulevar-oslobodjenja.jpeg,2,bulevar-oslobodjenja_r18_c33,28.0,399,410,491,518
./images/bulevar-oslobodjenja.jpeg,2,bulevar-oslobodjenja_r23_c18,35.0,212,224,635,662
./images/bulevar-oslobodjenja.jpeg,2,bulevar-oslobodjenja_r19_c19,31.0,225,236,519,547
./images/bulevar-oslobodjenja.jpeg,2,bulevar-oslobodjenja_r21_c30,23.0,362,373,577,605
./images/bulevar-oslobodjenja.jpeg,2,bulevar-oslobodjenja_r07_c21,33.0,250,261,173,201
./images/bulevar-oslobodjenja.jpeg,2,bulevar-oslobodjenja_r33_c25,31.0,299,311,923,951
./images/bulevar-oslobodjenja.jpeg,2,bulevar-oslobodjenja_r24_c14,22.0,162,174,663,691
./images/bulevar-oslobodjenja.jpeg,2,bulevar-oslobodjenja_r11_c26,27.0,312,323,289,317
./images/bulevar-oslobodjenja.jpeg,2,bulevar-oslobodjenja_r36_c22,29.0,262,273,1009,1037
./images/bulevar-oslobodjenja.jpeg,2,bulevar-oslobodjenja_r18_c18,27.0,212,224,491,518
./images/bulevar-oslobodjenja.jpeg,2,bulevar-oslobodjenja_r14_c26,28.0,312,323,375,403
./images/bulevar-oslobodjenja.jpeg,2,bulevar-oslobodjenja_r12_c08,27.0,88,99,318,345
./images/bulevar-oslobodjenja.jpeg,2,bulevar-oslobodjenja_r40_c26,27.0,312,323,1125,1153
./images/bulevar-oslobodjenja.jpeg,2,bulevar-oslobodjenja_r25_c29,18.0,349,361,692,720
./images/bulevar-oslobodjenja.jpeg,2,bulevar-oslobodjenja_r19_c31,28.0,374,385,519,547
./images/bulevar-oslobodjenja.jpeg,2,bulevar-oslobodjenja_r17_c23,33.0,274,286,462,490
./images/bulevar-oslobodjenja.jpeg,2,bulevar-oslobodjenja_r08_c25,32.0,299,311,202,230
./images/bulevar-oslobodjenja.jpeg,2,bulevar-oslobodjenja_r39_c25,23.0,299,311,1096,1124
./images/bulevar-oslobodjenja.jpeg,2,bulevar-oslobodjenja_r21_c25,41.0,299,311,577,605
./images/bulevar-oslobodjenja.jpeg,2,bulevar-oslobodjenja_r39_c15,31.0,175,186,1096,1124
./images/bulevar-oslobodjenja.jpeg,2,bulevar-oslobodjenja_r13_c19,30.0,225,236,346,374
./images/bulevar-oslobodjenja.jpeg,2,bulevar-oslobodjenja_r10_c20,26.0,237,249,260,288
./images/bulevar-oslobodjenja.jpeg,2,bulevar-oslobodjenja_r17_c28,32.0,337,348,462,490
./images/bulevar-oslobodjenja.jpeg,2,bulevar-oslobodjenja_r35_c24,29.0,287,298,981,1008
./images/bulevar-oslobodjenja.jpeg,2,bulevar-oslobodjenja_r08_c26,30.0,312,323,202,230
./images/bulevar-oslobodjenja.jpeg,2,bulevar-oslobodjenja_r31_c28,23.0,337,348,865,893
./images/bulevar-oslobodjenja.jpeg,2,bulevar-oslobodjenja_r35_c15,26.0,175,186,981,1008
./images/bulevar-oslobodjenja.jpeg,2,bulevar-oslobodjenja_r30_c28,24.0,337,348,836,864
./images/bulevar-oslobodjenja.jpeg,2,bulevar-oslobodjenja_r30_c25,38.0,299,311,836,864
./images/bulevar-oslobodjenja.jpeg,2,bulevar-oslobodjenja_r40_c10,28.0,113,124,1125,1153
./images/bulevar-oslobodjenja.jpeg,2,bulevar-oslobodjenja_r06_c25,23.0,299,311,145,172
./images/bulevar-oslobodjenja.jpeg,2,bulevar-oslobodjenja_r16_c26,33.0,312,323,433,461
./images/bulevar-oslobodjenja.jpeg,2,bulevar-oslobodjenja_r19_c33,29.0,399,410,519,547
./images/bulevar-oslobodjenja.jpeg,2,bulevar-oslobodjenja_r14_c18,34.0,212,224,375,403
./images/bulevar-oslobodjenja.jpeg,2,bulevar-oslobodjenja_r36_c26,26.0,312,323,1009,1037
./images/bulevar-oslobodjenja.jpeg,2,bulevar-oslobodjenja_r09_c26,25.0,312,323,231,259
./images/bulevar-oslobodjenja.jpeg,2,bulevar-oslobodjenja_r06_c23,21.0,274,286,145,172
./images/bulevar-oslobodjenja.jpeg,2,bulevar-oslobodjenja_r36_c23,29.0,274,286,1009,1037
./images/bulevar-oslobodjenja.jpeg,2,bulevar-oslobodjenja_r28_c18,35.0,212,224,779,807
./images/bulevar-oslobodjenja.jpeg,2,bulevar-oslobodjenja_r32_c24,26.0,287,298,894,922
./images/bulevar-oslobodjenja.jpeg,2,bulevar-oslobodjenja_r32_c13,32.0,150,161,894,922
./images/bulevar-oslobodjenja.jpeg,2,bulevar-oslobodjenja_r38_c23,33.0,274,286,1067,1095
./images/bulevar-oslobodjenja.jpeg,2,bulevar-oslobodjenja_r37_c23,23.0,274,286,1038,1066
./images/bulevar-oslobodjenja.jpeg,3,bulevar-oslobodjenja_r31_c08,10.0,88,99,865,893
./images/bulevar-oslobodjenja.jpeg,3,bulevar-oslobodjenja_r21_c27,21.0,324,336,577,605
./images/bulevar-oslobodjenja.jpeg,3,bulevar-oslobodjenja_r33_c06,20.0,63,74,923,951
./images/bulevar-oslobodjenja.jpeg,3,bulevar-oslobodjenja_r37_c34,22.0,411,423,1038,1066
./images/bulevar-oslobodjenja.jpeg,3,bulevar-oslobodjenja_r08_c31,23.0,374,385,202,230
./images/bulevar-oslobodjenja.jpeg,3,bulevar-oslobodjenja_r38_c08,18.0,88,99,1067,1095
./images/bulevar-oslobodjenja.jpeg,3,bulevar-oslobodjenja_r13_c40,21.0,486,498,346,374
./images/bulevar-oslobodjenja.jpeg,3,bulevar-oslobodjenja_r08_c19,22.0,225,236,202,230
./images/bulevar-oslobodjenja.jpeg,3,bulevar-oslobodjenja_r03_c20,31.0,237,249,58,86
./images/bulevar-oslobodjenja.jpeg,3,bulevar-oslobodjenja_r36_c06,14.0,63,74,1009,1037
./images/bulevar-oslobodjenja.jpeg,3,bulevar-oslobodjenja_r07_c25,15.0,299,311,173,201
./images/bulevar-oslobodjenja.jpeg,3,bulevar-oslobodjenja_r03_c27,27.0,324,336,58,86
./images/bulevar-oslobodjenja.jpeg,3,bulevar-oslobodjenja_r23_c28,16.0,337,348,635,662
./images/bulevar-oslobodjenja.jpeg,3,bulevar-oslobodjenja_r40_c33,20.0,399,410,1125,1153
./images/bulevar-oslobodjenja.jpeg,3,bulevar-oslobodjenja_r40_c40,19.0,486,498,1125,1153
./images/bulevar-oslobodjenja.jpeg,3,bulevar-oslobodjenja_r06_c29,26.0,349,361,145,172
./images/bulevar-oslobodjenja.jpeg,3,bulevar-oslobodjenja_r35_c12,27.0,137,149,981,1008
./images/bulevar-oslobodjenja.jpeg,3,bulevar-oslobodjenja_r15_c36,19.0,436,448,404,432
./images/bulevar-oslobodjenja.jpeg,3,bulevar-oslobodjenja_r01_c24,16.0,287,298,1,28
./images/bulevar-oslobodjenja.jpeg,3,bulevar-oslobodjenja_r02_c25,27.0,299,311,29,57
./images/bulevar-oslobodjenja.jpeg,3,bulevar-oslobodjenja_r20_c34,28.0,411,423,548,576
./images/bulevar-oslobodjenja.jpeg,3,bulevar-oslobodjenja_r30_c11,22.0,125,136,836,864
./images/bulevar-oslobodjenja.jpeg,3,bulevar-oslobodjenja_r05_c23,23.0,274,286,116,144
./images/bulevar-oslobodjenja.jpeg,3,bulevar-oslobodjenja_r26_c28,26.0,337,348,721,749
./images/bulevar-oslobodjenja.jpeg,3,bulevar-oslobodjenja_r39_c40,14.0,486,498,1096,1124
./images/bulevar-oslobodjenja.jpeg,3,bulevar-oslobodjenja_r40_c30,18.0,362,373,1125,1153
./images/bulevar-oslobodjenja.jpeg,3,bulevar-oslobodjenja_r18_c29,27.0,349,361,491,518
./images/bulevar-oslobodjenja.jpeg,3,bulevar-oslobodjenja_r33_c09,27.0,100,112,923,951
./images/bulevar-oslobodjenja.jpeg,3,bulevar-oslobodjenja_r31_c37,21.0,449,460,865,893
./images/bulevar-oslobodjenja.jpeg,3,bulevar-oslobodjenja_r37_c06,21.0,63,74,1038,1066
./images/bulevar-oslobodjenja.jpeg,3,bulevar-oslobodjenja_r04_c22,30.0,262,273,87,115
./images/bulevar-oslobodjenja.jpeg,3,bulevar-oslobodjenja_r02_c28,20.0,337,348,29,57
./images/bulevar-oslobodjenja.jpeg,3,bulevar-oslobodjenja_r21_c32,20.0,386,398,577,605
./images/bulevar-oslobodjenja.jpeg,3,bulevar-oslobodjenja_r35_c03,18.0,25,37,981,1008
./images/bulevar-oslobodjenja.jpeg,3,bulevar-oslobodjenja_r28_c27,20.0,324,336,779,807
./images/bulevar-oslobodjenja.jpeg,3,bulevar-oslobodjenja_r08_c30,14.0,362,373,202,230
./images/bulevar-oslobodjenja.jpeg,3,bulevar-oslobodjenja_r06_c28,24.0,337,348,145,172
./images/bulevar-oslobodjenja.jpeg,3,bulevar-oslobodjenja_r21_c31,22.0,374,385,577,605
./images/bulevar-oslobodjenja.jpeg,3,bulevar-oslobodjenja_r06_c19,19.0,225,236,145,172
./images/bulevar-oslobodjenja.jpeg,3,bulevar-oslobodjenja_r40_c27,30.0,324,336,1125,1153
./images/bulevar-oslobodjenja.jpeg,3,bulevar-oslobodjenja_r14_c40,7.0,486,498,375,403
./images/bulevar-oslobodjenja.jpeg,3,bulevar-oslobodjenja_r37_c07,24.0,75,87,1038,1066
./images/bulevar-oslobodjenja.jpeg,3,bulevar-oslobodjenja_r07_c30,25.0,362,373,173,201
./images/bulevar-oslobodjenja.jpeg,3,bulevar-oslobodjenja_r23_c30,26.0,362,373,635,662
./images/bulevar-oslobodjenja.jpeg,3,bulevar-oslobodjenja_r21_c34,23.0,411,423,577,605
./images/bulevar-oslobodjenja.jpeg,3,bulevar-oslobodjenja_r25_c14,23.0,162,174,692,720
./images/bulevar-oslobodjenja.jpeg,3,bulevar-oslobodjenja_r35_c11,22.0,125,136,981,1008
./images/bulevar-oslobodjenja.jpeg,3,bulevar-oslobodjenja_r38_c25,30.0,299,311,1067,1095
./images/bulevar-oslobodjenja.jpeg,3,bulevar-oslobodjenja_r17_c31,22.0,374,385,462,490
./images/bulevar-oslobodjenja.jpeg,3,bulevar-oslobodjenja_r10_c01,21.0,1,12,260,288
./images/bulevar-oslobodjenja.jpeg,3,bulevar-oslobodjenja_r06_c30,13.0,362,373,145,172
./images/bulevar-oslobodjenja.jpeg,3,bulevar-oslobodjenja_r05_c25,29.0,299,311,116,144
./images/bulevar-oslobodjenja.jpeg,3,bulevar-oslobodjenja_r17_c16,21.0,187,199,462,490
./images/bulevar-oslobodjenja.jpeg,3,bulevar-oslobodjenja_r06_c20,23.0,237,249,145,172
./images/bulevar-oslobodjenja.jpeg,3,bulevar-oslobodjenja_r24_c15,19.0,175,186,663,691
./images/bulevar-oslobodjenja.jpeg,3,bulevar-oslobodjenja_r35_c06,10.0,63,74,981,1008
./images/bulevar-oslobodjenja.jpeg,3,bulevar-oslobodjenja_r34_c05,21.0,50,62,952,980
./images/bulevar-oslobodjenja.jpeg,3,bulevar-oslobodjenja_r31_c09,21.0,100,112,865,893
./images/bulevar-oslobodjenja.jpeg,3,bulevar-oslobodjenja_r38_c29,21.0,349,361,1067,1095
./images/bulevar-oslobodjenja.jpeg,3,bulevar-oslobodjenja_r30_c08,33.0,88,99,836,864
./images/bulevar-oslobodjenja.jpeg,3,bulevar-oslobodjenja_r36_c04,13.0,38,49,1009,1037
./images/bulevar-oslobodjenja.jpeg,3,bulevar-oslobodjenja_r16_c28,25.0,337,348,433,461
./images/bulevar-oslobodjenja.jpeg,3,bulevar-oslobodjenja_r08_c17,13.0,200,211,202,230
./images/bulevar-oslobodjenja.jpeg,3,bulevar-oslobodjenja_r29_c08,17.0,88,99,808,835
./images/bulevar-oslobodjenja.jpeg,3,bulevar-oslobodjenja_r27_c27,16.0,324,336,750,778
./images/bulevar-oslobodjenja.jpeg,3,bulevar-oslobodjenja_r32_c10,22.0,113,124,894,922
./images/bulevar-oslobodjenja.jpeg,3,bulevar-oslobodjenja_r34_c08,24.0,88,99,952,980
./images/bulevar-oslobodjenja.jpeg,3,bulevar-oslobodjenja_r28_c13,18.0,150,161,779,807
./images/bulevar-oslobodjenja.jpeg,3,bulevar-oslobodjenja_r04_c27,25.0,324,336,87,115
./images/bulevar-oslobodjenja.jpeg,3,bulevar-oslobodjenja_r15_c37,20.0,449,460,404,432
./images/bulevar-oslobodjenja.jpeg,3,bulevar-oslobodjenja_r32_c12,24.0,137,149,894,922
./images/bulevar-oslobodjenja.jpeg,3,bulevar-oslobodjenja_r18_c17,25.0,200,211,491,518
./images/bulevar-oslobodjenja.jpeg,3,bulevar-oslobodjenja_r07_c19,28.0,225,236,173,201
./images/bulevar-oslobodjenja.jpeg,3,bulevar-oslobodjenja_r04_c25,23.0,299,311,87,115
./images/kralja-milana.jpeg,1,kralja-milana_r38_c14,16.0,144,154,789,809
./images/kralja-milana.jpeg,1,kralja-milana_r14_c29,15.0,309,319,277,298
./images/kralja-milana.jpeg,1,kralja-milana_r36_c08,18.0,78,88,746,766
./images/kralja-milana.jpeg,1,kralja-milana_r05_c31,22.0,331,341,86,106
./images/kralja-milana.jpeg,1,kralja-milana_r40_c05,12.0,45,55,831,852
./images/kralja-milana.jpeg,1,kralja-milana_r35_c23,14.0,243,253,725,745
./images/kralja-milana.jpeg,1,kralja-milana_r13_c27,17.0,287,297,256,276
./images/kralja-milana.jpeg,1,kralja-milana_r39_c22,19.0,232,242,810,830
./images/kralja-milana.jpeg,1,kralja-milana_r09_c31,12.0,331,341,171,191
./images/kralja-milana.jpeg,1,kralja-milana_r15_c24,21.0,254,264,299,319
./images/kralja-milana.jpeg,1,kralja-milana_r13_c28,20.0,298,308,256,276
./images/kralja-milana.jpeg,1,kralja-milana_r08_c30,21.0,320,330,150,170
./images/kralja-milana.jpeg,1,kralja-milana_r40_c18,16.0,188,198,831,852
./images/kralja-milana.jpeg,1,kralja-milana_r23_c23,17.0,243,253,469,489
./images/kralja-milana.jpeg,1,kralja-milana_r38_c22,18.0,232,242,789,809
./images/kralja-milana.jpeg,1,kralja-milana_r36_c15,23.0,155,165,746,766
./images/kralja-milana.jpeg,1,kralja-milana_r38_c02,17.0,12,22,789,809
./images/kralja-milana.jpeg,1,kralja-milana_r38_c13,22.0,133,143,789,809
./images/kralja-milana.jpeg,1,kralja-milana_r34_c18,23.0,188,198,703,724
./images/kralja-milana.jpeg,1,kralja-milana_r36_c18,16.0,188,198,746,766
./images/kralja-milana.jpeg,1,kralja-milana_r18_c25,24.0,265,275,363,383
./images/kralja-milana.jpeg,1,kralja-milana_r05_c28,23.0,298,308,86,106
./images/kralja-milana.jpeg,1,kralja-milana_r36_c12,17.0,122,132,746,766
./images/kralja-milana.jpeg,1,kralja-milana_r10_c31,23.0,331,341,192,213
./images/kralja-milana.jpeg,1,kralja-milana_r40_c01,22.0,1,11,831,852
./images/kralja-milana.jpeg,1,kralja-milana_r05_c30,21.0,320,330,86,106
./images/kralja-milana.jpeg,1,kralja-milana_r38_c20,14.0,210,220,789,809
./images/kralja-milana.jpeg,1,kralja-milana_r39_c19,22.0,199,209,810,830
./images/kralja-milana.jpeg,1,kralja-milana_r40_c21,22.0,221,231,831,852
./images/kralja-milana.jpeg,1,kralja-milana_r11_c29,17.0,309,319,214,234
./images/kralja-milana.jpeg,1,kralja-milana_r09_c34,19.0,364,374,171,191
./images/kralja-milana.jpeg,1,kralja-milana_r36_c13,20.0,133,143,746,766
./images/kralja-milana.jpeg,1,kralja-milana_r31_c39,24.0,419,429,640,660
./images/kralja-milana.jpeg,1,kralja-milana_r11_c31,13.0,331,341,214,234
./images/kralja-milana.jpeg,1,kralja-milana_r32_c21,24.0,221,231,661,681
./images/kralja-milana.jpeg,1,kralja-milana_r35_c18,14.0,188,198,725,745
./images/kralja-milana.jpeg,1,kralja-milana_r07_c30,20.0,320,330,128,149
./images/kralja-milana.jpeg,1,kralja-milana_r37_c20,22.0,210,220,767,788
./images/kralja-milana.jpeg,1,kralja-milana_r15_c28,20.0,298,308,299,319
./images/kralja-milana.jpeg,1,kralja-milana_r39_c16,19.0,166,176,810,830
./images/kralja-milana.jpeg,1,kralja-milana_r40_c06,11.0,56,66,831,852
./images/kralja-milana.jpeg,1,kralja-milana_r12_c29,23.0,309,319,235,255
./images/kralja-milana.jpeg,1,kralja-milana_r12_c27,24.0,287,297,235,255
./images/kralja-milana.jpeg,1,kralja-milana_r36_c10,13.0,100,110,746,766
./images/kralja-milana.jpeg,1,kralja-milana_r36_c01,17.0,1,11,746,766
./images/kralja-milana.jpeg,1,kralja-milana_r38_c17,20.0,177,187,789,809
./images/kralja-milana.jpeg,1,kralja-milana_r37_c05,22.0,45,55,767,788
./images/kralja-milana.jpeg,1,kralja-milana_r34_c21,27.0,221,231,703,724
./images/kralja-milana.jpeg,1,kralja-milana_r33_c24,21.0,254,264,682,702
./images/kralja-milana.jpeg,1,kralja-milana_r03_c30,18.0,320,330,43,63
./images/kralja-milana.jpeg,1,kralja-milana_r32_c27,21.0,287,297,661,681
./images/kralja-milana.jpeg,1,kralja-milana_r35_c24,23.0,254,264,725,745
./images/kralja-milana.jpeg,1,kralja-milana_r37_c09,18.0,89,99,767,788
./images/kralja-milana.jpeg,1,kralja-milana_r13_c25,18.0,265,275,256,276
./images/kralja-milana.jpeg,1,kralja-milana_r35_c22,22.0,232,242,725,745
./images/kralja-milana.jpeg,1,kralja-milana_r39_c14,26.0,144,154,810,830
./images/kralja-milana.jpeg,1,kralja-milana_r40_c11,28.0,111,121,831,852
./images/kralja-milana.jpeg,1,kralja-milana_r23_c25,22.0,265,275,469,489
./images/kralja-milana.jpeg,1,kralja-milana_r40_c09,24.0,89,99,831,852
./images/kralja-milana.jpeg,1,kralja-milana_r38_c24,17.0,254,264,789,809
./images/kralja-milana.jpeg,1,kralja-milana_r31_c23,18.0,243,253,640,660
./images/kralja-milana.jpeg,1,kralja-milana_r13_c22,22.0,232,242,256,276
./images/kralja-milana.jpeg,2,kralja-milana_r01_c25,13.0,265,275,1,21
./images/kralja-milana.jpeg,2,kralja-milana_r05_c33,24.0,353,363,86,106
./images/kralja-milana.jpeg,2,kralja-milana_r21_c28,23.0,298,308,427,447
./images/kralja-milana.jpeg,2,kralja-milana_r18_c29,17.0,309,319,363,383
./images/kralja-milana.jpeg,2,kralja-milana_r04_c28,14.0,298,308,64,85
./images/kralja-milana.jpeg,2,kralja-milana_r25_c27,22.0,287,297,512,532
./images/kralja-milana.jpeg,2,kralja-milana_r29_c35,22.0,375,385,597,617
./images/kralja-milana.jpeg,2,kralja-milana_r04_c32,21.0,342,352,64,85
./images/kralja-milana.jpeg,2,kralja-milana_r36_c06,19.0,56,66,746,766
./images/kralja-milana.jpeg,2,kralja-milana_r38_c40,16.0,430,441,789,809
./images/kralja-milana.jpeg,2,kralja-milana_r28_c23,16.0,243,253,576,596
./images/kralja-milana.jpeg,2,kralja-milana_r22_c28,16.0,298,308,448,468
./images/kralja-milana.jpeg,2,kralja-milana_r07_c26,21.0,276,286,128,149
./images/kralja-milana.jpeg,2,kralja-milana_r32_c19,23.0,199,209,661,681
./images/kralja-milana.jpeg,2,kralja-milana_r39_c39,21.0,419,429,810,830
./images/kralja-milana.jpeg,2,kralja-milana_r06_c32,22.0,342,352,107,127
./images/kralja-milana.jpeg,2,kralja-milana_r36_c24,25.0,254,264,746,766
./images/kralja-milana.jpeg,2,kralja-milana_r27_c26,19.0,276,286,554,575
./images/kralja-milana.jpeg,2,kralja-milana_r29_c29,17.0,309,319,597,617
./images/kralja-milana.jpeg,2,kralja-milana_r01_c26,19.0,276,286,1,21
./images/kralja-milana.jpeg,2,kralja-milana_r26_c23,26.0,243,253,533,553
./images/kralja-milana.jpeg,2,kralja-milana_r35_c11,16.0,111,121,725,745
./images/kralja-milana.jpeg,2,kralja-milana_r31_c36,14.0,386,396,640,660
./images/kralja-milana.jpeg,2,kralja-milana_r28_c24,23.0,254,264,576,596
./images/kralja-milana.jpeg,2,kralja-milana_r40_c30,19.0,320,330,831,852
./images/kralja-milana.jpeg,2,kralja-milana_r29_c27,18.0,287,297,597,617
./images/kralja-milana.jpeg,2,kralja-milana_r36_c23,19.0,243,253,746,766
./images/kralja-milana.jpeg,2,kralja-milana_r29_c25,22.0,265,275,597,617
./images/kralja-milana.jpeg,2,kralja-milana_r40_c07,11.0,67,77,831,852
./images/kralja-milana.jpeg,2,kralja-milana_r17_c26,23.0,276,286,341,362
./images/kralja-milana.jpeg,2,kralja-milana_r39_c20,19.0,210,220,810,830
./images/kralja-milana.jpeg,2,kralja-milana_r30_c30,22.0,320,330,618,639
./images/kralja-milana.jpeg,2,kralja-milana_r12_c21,21.0,221,231,235,255
./images/kralja-milana.jpeg,2,kralja-milana_r39_c07,13.0,67,77,810,830
./images/kralja-milana.jpeg,2,kralja-milana_r38_c23,21.0,243,253,789,809
./images/kralja-milana.jpeg,2,kralja-milana_r13_c17,17.0,177,187,256,276
./images/kralja-milana.jpeg,2,kralja-milana_r40_c29,19.0,309,319,831,852
./images/kralja-milana.jpeg,2,kralja-milana_r09_c32,20.0,342,352,171,191
./images/kralja-milana.jpeg,2,kralja-milana_r38_c12,14.0,122,132,789,809
./images/kralja-milana.jpeg,2,kralja-milana_r19_c27,17.0,287,297,384,404
./images/kralja-milana.jpeg,2,kralja-milana_r02_c26,17.0,276,286,22,42
./images/kralja-milana.jpeg,2,kralja-milana_r38_c01,18.0,1,11,789,809
./images/kralja-milana.jpeg,2,kralja-milana_r40_c22,17.0,232,242,831,852
./images/kralja-milana.jpeg,2,kralja-milana_r23_c26,16.0,276,286,469,489
./images/kralja-milana.jpeg,2,kralja-milana_r32_c28,16.0,298,308,661,681
./images/kralja-milana.jpeg,2,kralja-milana_r29_c36,17.0,386,396,597,617
./images/kralja-milana.jpeg,2,kralja-milana_r39_c25,28.0,265,275,810,830
./images/kralja-milana.jpeg,2,kralja-milana_r27_c25,23.0,265,275,554,575
./images/kralja-milana.jpeg,2,kralja-milana_r10_c25,27.0,265,275,192,213
./images/kralja-milana.jpeg,2,kralja-milana_r10_c38,14.0,408,418,192,213
./images/kralja-milana.jpeg,2,kralja-milana_r11_c25,18.0,265,275,214,234
./images/kralja-milana.jpeg,2,kralja-milana_r13_c31,19.0,331,341,256,276
./images/kralja-milana.jpeg,2,kralja-milana_r18_c27,22.0,287,297,363,383
./images/kralja-milana.jpeg,3,kralja-milana_r24_c28,18.0,298,308,490,511
./images/kralja-milana.jpeg,3,kralja-milana_r35_c08,21.0,78,88,725,745
./images/kralja-milana.jpeg,3,kralja-milana_r34_c30,21.0,320,330,703,724
./images/kralja-milana.jpeg,3,kralja-milana_r31_c31,15.0,331,341,640,660
./images/kralja-milana.jpeg,3,kralja-milana_r26_c30,22.0,320,330,533,553
./images/kralja-milana.jpeg,3,kralja-milana_r22_c30,13.0,320,330,448,468
./images/kralja-milana.jpeg,3,kralja-milana_r38_c39,17.0,419,429,789,809
./images/kralja-milana.jpeg,3,kralja-milana_r08_c25,14.0,265,275,150,170
./images/kralja-milana.jpeg,3,kralja-milana_r16_c18,12.0,188,198,320,340
./images/kralja-milana.jpeg,3,kralja-milana_r08_c13,15.0,133,143,150,170
./images/kralja-milana.jpeg,3,kralja-milana_r13_c32,15.0,342,352,256,276
./images/kralja-milana.jpeg,3,kralja-milana_r35_c30,15.0,320,330,725,745
./images/kralja-milana.jpeg,3,kralja-milana_r31_c16,18.0,166,176,640,660
./images/kralja-milana.jpeg,3,kralja-milana_r30_c38,18.0,408,418,618,639
./images/kralja-milana.jpeg,3,kralja-milana_r24_c29,19.0,309,319,490,511
./images/kralja-milana.jpeg,3,kralja-milana_r21_c31,21.0,331,341,427,447
./images/kralja-milana.jpeg,3,kralja-milana_r18_c32,14.0,342,352,363,383
./images/kralja-milana.jpeg,3,kralja-milana_r34_c08,15.0,78,88,703,724
./images/kralja-milana.jpeg,3,kralja-milana_r34_c07,12.0,67,77,703,724
./images/kralja-milana.jpeg,3,kralja-milana_r22_c23,21.0,243,253,448,468
./images/kralja-milana.jpeg,3,kralja-milana_r32_c36,13.0,386,396,661,681
./images/kralja-milana.jpeg,3,kralja-milana_r29_c31,21.0,331,341,597,617
./images/kralja-milana.jpeg,3,kralja-milana_r04_c33,16.0,353,363,64,85
./images/kralja-milana.jpeg,3,kralja-milana_r40_c32,21.0,342,352,831,852
./images/kralja-milana.jpeg,3,kralja-milana_r35_c01,18.0,1,11,725,745
./images/kralja-milana.jpeg,3,kralja-milana_r12_c32,14.0,342,352,235,255
./images/kralja-milana.jpeg,3,kralja-milana_r12_c19,23.0,199,209,235,255
./images/kralja-milana.jpeg,3,kralja-milana_r39_c32,17.0,342,352,810,830
./images/kralja-milana.jpeg,3,kralja-milana_r06_c36,15.0,386,396,107,127
./images/kralja-milana.jpeg,3,kralja-milana_r35_c27,13.0,287,297,725,745
./images/kralja-milana.jpeg,3,kralja-milana_r35_c34,14.0,364,374,725,745
./images/kralja-milana.jpeg,3,kralja-milana_r35_c33,17.0,353,363,725,745
./images/kralja-milana.jpeg,3,kralja-milana_r35_c02,18.0,12,22,725,745
./images/kralja-milana.jpeg,3,kralja-milana_r03_c35,17.0,375,385,43,63
./images/kralja-milana.jpeg,3,kralja-milana_r19_c32,14.0,342,352,384,404
./images/kralja-milana.jpeg,3,kralja-milana_r22_c32,16.0,342,352,448,468
./images/kralja-milana.jpeg,3,kralja-milana_r01_c22,9.0,232,242,1,21
./images/kralja-milana.jpeg,3,kralja-milana_r21_c32,16.0,342,352,427,447
./images/kralja-milana.jpeg,3,kralja-milana_r09_c01,13.0,1,11,171,191
./images/kralja-milana.jpeg,3,kralja-milana_r24_c20,21.0,210,220,490,511
./images/kralja-milana.jpeg,3,kralja-milana_r23_c31,12.0,331,341,469,489
./images/kralja-milana.jpeg,3,kralja-milana_r31_c17,18.0,177,187,640,660
./images/kralja-milana.jpeg,3,kralja-milana_r07_c37,16.0,397,407,128,149
./images/kralja-milana.jpeg,3,kralja-milana_r26_c19,15.0,199,209,533,553
./images/kralja-milana.jpeg,3,kralja-milana_r31_c15,12.0,155,165,640,660
./images/kralja-milana.jpeg,3,kralja-milana_r32_c11,6.0,111,121,661,681
./images/kralja-milana.jpeg,3,kralja-milana_r26_c37,14.0,397,407,533,553
./images/kralja-milana.jpeg,3,kralja-milana_r08_c36,18.0,386,396,150,170
./images/kralja-milana.jpeg,3,kralja-milana_r22_c29,20.0,309,319,448,468
./images/kralja-milana.jpeg,3,kralja-milana_r34_c33,21.0,353,363,703,724
./images/kralja-milana.jpeg,3,kralja-milana_r29_c34,19.0,364,374,597,617
./images/kralja-milana.jpeg,3,kralja-milana_r27_c37,22.0,397,407,554,575
./images/kralja-milana.jpeg,3,kralja-milana_r17_c32,18.0,342,352,341,362
./images/kralja-milana.jpeg,3,kralja-milana_r28_c34,13.0,364,374,576,596
./images/kralja-milana.jpeg,3,kralja-milana_r35_c35,22.0,375,385,725,745
./images/kralja-milana.jpeg,3,kralja-milana_r38_c38,12.0,408,418,789,809
./images/kralja-milana.jpeg,3,kralja-milana_r28_c29,18.0,309,319,576,596
./images/kralja-milana.jpeg,3,kralja-milana_r05_c26,15.0,276,286,86,106
./images/kralja-milana.jpeg,3,kralja-milana_r11_c22,15.0,232,242,214,234
./images/kralja-milana.jpeg,3,kralja-milana_r26_c21,16.0,221,231,533,553
./images/kralja-milana.jpeg,3,kralja-milana_r04_c27,13.0,287,297,64,85
./images/kralja-milana.jpeg,3,kralja-milana_r27_c22,17.0,232,242,554,575
./images/kralja-milana.jpeg,3,kralja-milana_r34_c31,22.0,331,341,703,724
./images/kralja-milana.jpeg,3,kralja-milana_r21_c21,19.0,221,231,427,447
./images/kralja-milana.jpeg,3,kralja-milana_r29_c33,13.0,353,363,597,617
./images/makenzijeva.jpeg,1,makenzijeva_r40_c09,42.0,119,133,1279,1311
./images/makenzijeva.jpeg,1,makenzijeva_r40_c13,39.0,178,192,1279,1311
./images/makenzijeva.jpeg,1,makenzijeva_r34_c01,42.0,1,14,1082,1114
./images/makenzijeva.jpeg,1,makenzijeva_r25_c05,40.0,60,74,787,819
./images/makenzijeva.jpeg,1,makenzijeva_r29_c08,48.0,104,118,918,950
./images/makenzijeva.jpeg,1,makenzijeva_r24_c06,37.0,75,88,754,786
./images/makenzijeva.jpeg,1,makenzijeva_r39_c12,48.0,164,177,1246,1278
./images/makenzijeva.jpeg,1,makenzijeva_r36_c19,45.0,267,281,1148,1179
./images/makenzijeva.jpeg,1,makenzijeva_r33_c05,46.0,60,74,1049,1081
./images/makenzijeva.jpeg,1,makenzijeva_r30_c27,40.0,386,400,951,983
./images/makenzijeva.jpeg,1,makenzijeva_r27_c04,39.0,45,59,853,884
./images/makenzijeva.jpeg,1,makenzijeva_r20_c04,44.0,45,59,623,655
./images/makenzijeva.jpeg,1,makenzijeva_r36_c07,42.0,89,103,1148,1179
./images/makenzijeva.jpeg,1,makenzijeva_r30_c07,37.0,89,103,951,983
./images/makenzijeva.jpeg,1,makenzijeva_r30_c03,38.0,30,44,951,983
./images/makenzijeva.jpeg,1,makenzijeva_r19_c06,29.0,75,88,590,622
./images/makenzijeva.jpeg,1,makenzijeva_r37_c22,36.0,312,326,1180,1212
./images/makenzijeva.jpeg,1,makenzijeva_r37_c04,35.0,45,59,1180,1212
./images/makenzijeva.jpeg,1,makenzijeva_r38_c02,37.0,15,29,1213,1245
./images/makenzijeva.jpeg,1,makenzijeva_r13_c06,36.0,75,88,394,426
./images/makenzijeva.jpeg,1,makenzijeva_r24_c03,41.0,30,44,754,786
./images/makenzijeva.jpeg,1,makenzijeva_r25_c07,38.0,89,103,787,819
./images/makenzijeva.jpeg,1,makenzijeva_r13_c05,44.0,60,74,394,426
./images/makenzijeva.jpeg,1,makenzijeva_r24_c05,40.0,60,74,754,786
./images/makenzijeva.jpeg,1,makenzijeva_r40_c14,46.0,193,207,1279,1311
./images/makenzijeva.jpeg,1,makenzijeva_r35_c03,29.0,30,44,1115,1147
./images/makenzijeva.jpeg,1,makenzijeva_r39_c15,46.0,208,222,1246,1278
./images/makenzijeva.jpeg,1,makenzijeva_r39_c17,49.0,238,252,1246,1278
./images/makenzijeva.jpeg,1,makenzijeva_r08_c05,40.0,60,74,230,262
./images/makenzijeva.jpeg,1,makenzijeva_r33_c04,40.0,45,59,1049,1081
./images/makenzijeva.jpeg,1,makenzijeva_r30_c08,32.0,104,118,951,983
./images/makenzijeva.jpeg,1,makenzijeva_r12_c04,39.0,45,59,361,393
./images/makenzijeva.jpeg,1,makenzijeva_r23_c07,43.0,89,103,722,753
./images/makenzijeva.jpeg,1,makenzijeva_r23_c04,43.0,45,59,722,753
./images/makenzijeva.jpeg,1,makenzijeva_r23_c06,36.0,75,88,722,753
./images/makenzijeva.jpeg,1,makenzijeva_r34_c24,44.0,341,355,1082,1114
./images/makenzijeva.jpeg,1,makenzijeva_r26_c04,47.0,45,59,820,852
./images/makenzijeva.jpeg,1,makenzijeva_r39_c19,40.0,267,281,1246,1278
./images/makenzijeva.jpeg,1,makenzijeva_r37_c24,35.0,341,355,1180,1212
./images/makenzijeva.jpeg,1,makenzijeva_r25_c06,43.0,75,88,787,819
./images/makenzijeva.jpeg,1,makenzijeva_r30_c04,41.0,45,59,951,983
./images/makenzijeva.jpeg,1,makenzijeva_r35_c01,41.0,1,14,1115,1147
./images/makenzijeva.jpeg,1,makenzijeva_r22_c07,42.0,89,103,689,721
./images/makenzijeva.jpeg,1,makenzijeva_r40_c19,45.0,267,281,1279,1311
./images/makenzijeva.jpeg,1,makenzijeva_r38_c09,48.0,119,133,1213,1245
./images/makenzijeva.jpeg,1,makenzijeva_r23_c05,43.0,60,74,722,753
./images/makenzijeva.jpeg,1,makenzijeva_r29_c27,44.0,386,400,918,950
./images/makenzijeva.jpeg,1,makenzijeva_r17_c06,31.0,75,88,525,557
./images/makenzijeva.jpeg,1,makenzijeva_r31_c04,41.0,45,59,984,1016
./images/makenzijeva.jpeg,1,makenzijeva_r28_c06,43.0,75,88,885,917
./images/makenzijeva.jpeg,1,makenzijeva_r39_c16,39.0,223,237,1246,1278
./images/makenzijeva.jpeg,1,makenzijeva_r32_c03,40.0,30,44,1017,1048
./images/makenzijeva.jpeg,1,makenzijeva_r24_c02,39.0,15,29,754,786
./images/makenzijeva.jpeg,1,makenzijeva_r18_c05,45.0,60,74,558,589
./images/makenzijeva.jpeg,1,makenzijeva_r18_c06,27.0,75,88,558,589
./images/makenzijeva.jpeg,1,makenzijeva_r35_c04,32.0,45,59,1115,1147
./images/makenzijeva.jpeg,1,makenzijeva_r39_c10,41.0,134,148,1246,1278
./images/makenzijeva.jpeg,2,makenzijeva_r38_c06,37.0,75,88,1213,1245
./images/makenzijeva.jpeg,2,makenzijeva_r35_c24,36.0,341,355,1115,1147
./images/makenzijeva.jpeg,2,makenzijeva_r09_c03,36.0,30,44,263,294
./images/makenzijeva.jpeg,2,makenzijeva_r21_c07,38.0,89,103,656,688
./images/makenzijeva.jpeg,2,makenzijeva_r35_c22,35.0,312,326,1115,1147
./images/makenzijeva.jpeg,2,makenzijeva_r26_c02,31.0,15,29,820,852
./images/makenzijeva.jpeg,2,makenzijeva_r32_c02,40.0,15,29,1017,1048
./images/makenzijeva.jpeg,2,makenzijeva_r27_c33,33.0,475,489,853,884
./images/makenzijeva.jpeg,2,makenzijeva_r35_c05,41.0,60,74,1115,1147
./images/makenzijeva.jpeg,2,makenzijeva_r31_c24,31.0,341,355,984,1016
./images/makenzijeva.jpeg,2,makenzijeva_r36_c25,47.0,356,370,1148,1179
./images/makenzijeva.jpeg,2,makenzijeva_r38_c07,32.0,89,103,1213,1245
./images/makenzijeva.jpeg,2,makenzijeva_r27_c31,29.0,445,459,853,884
./images/makenzijeva.jpeg,2,makenzijeva_r17_c03,41.0,30,44,525,557
./images/makenzijeva.jpeg,2,makenzijeva_r33_c08,48.0,104,118,1049,1081
./images/makenzijeva.jpeg,2,makenzijeva_r34_c28,39.0,401,415,1082,1114
./images/makenzijeva.jpeg,2,makenzijeva_r37_c17,29.0,238,252,1180,1212
./images/makenzijeva.jpeg,2,makenzijeva_r22_c01,35.0,1,14,689,721
./images/makenzijeva.jpeg,2,makenzijeva_r36_c08,35.0,104,118,1148,1179
./images/makenzijeva.jpeg,2,makenzijeva_r16_c02,49.0,15,29,492,524
./images/makenzijeva.jpeg,2,makenzijeva_r33_c28,47.0,401,415,1049,1081
./images/makenzijeva.jpeg,2,makenzijeva_r30_c02,42.0,15,29,951,983
./images/makenzijeva.jpeg,2,makenzijeva_r19_c03,47.0,30,44,590,622
./images/makenzijeva.jpeg,2,makenzijeva_r39_c23,31.0,327,340,1246,1278
./images/makenzijeva.jpeg,2,makenzijeva_r34_c05,48.0,60,74,1082,1114
./images/makenzijeva.jpeg,2,makenzijeva_r28_c27,38.0,386,400,885,917
./images/makenzijeva.jpeg,2,makenzijeva_r33_c26,43.0,371,385,1049,1081
./images/makenzijeva.jpeg,2,makenzijeva_r31_c07,44.0,89,103,984,1016
./images/makenzijeva.jpeg,2,makenzijeva_r20_c08,31.0,104,118,623,655
./images/makenzijeva.jpeg,2,makenzijeva_r38_c24,42.0,341,355,1213,1245
./images/makenzijeva.jpeg,2,makenzijeva_r25_c03,44.0,30,44,787,819
./images/makenzijeva.jpeg,2,makenzijeva_r38_c17,48.0,238,252,1213,1245
./images/makenzijeva.jpeg,2,makenzijeva_r33_c15,38.0,208,222,1049,1081
./images/makenzijeva.jpeg,2,makenzijeva_r17_c01,29.0,1,14,525,557
./images/makenzijeva.jpeg,2,makenzijeva_r10_c05,33.0,60,74,295,327
./images/makenzijeva.jpeg,2,makenzijeva_r18_c07,45.0,89,103,558,589
./images/makenzijeva.jpeg,2,makenzijeva_r39_c24,44.0,341,355,1246,1278
./images/makenzijeva.jpeg,2,makenzijeva_r27_c05,40.0,60,74,853,884
./images/makenzijeva.jpeg,2,makenzijeva_r31_c25,29.0,356,370,984,1016
./images/makenzijeva.jpeg,2,makenzijeva_r09_c05,43.0,60,74,263,294
./images/makenzijeva.jpeg,2,makenzijeva_r34_c23,32.0,327,340,1082,1114
./images/makenzijeva.jpeg,2,makenzijeva_r28_c31,41.0,445,459,885,917
./images/makenzijeva.jpeg,2,makenzijeva_r40_c22,45.0,312,326,1279,1311
./images/makenzijeva.jpeg,2,makenzijeva_r29_c29,30.0,416,429,918,950
./images/makenzijeva.jpeg,2,makenzijeva_r11_c04,44.0,45,59,328,360
./images/makenzijeva.jpeg,2,makenzijeva_r09_c06,28.0,75,88,263,294
./images/makenzijeva.jpeg,2,makenzijeva_r28_c09,37.0,119,133,885,917
./images/makenzijeva.jpeg,2,makenzijeva_r10_c04,36.0,45,59,295,327
./images/makenzijeva.jpeg,3,makenzijeva_r02_c06,30.0,75,88,33,65
./images/makenzijeva.jpeg,3,makenzijeva_r38_c37,21.0,534,548,1213,1245
./images/makenzijeva.jpeg,3,makenzijeva_r35_c14,28.0,193,207,1115,1147
./images/makenzijeva.jpeg,3,makenzijeva_r06_c08,22.0,104,118,164,196
./images/makenzijeva.jpeg,3,makenzijeva_r34_c16,32.0,223,237,1082,1114
./images/makenzijeva.jpeg,3,makenzijeva_r30_c40,25.0,579,593,951,983
./images/makenzijeva.jpeg,3,makenzijeva_r35_c18,37.0,253,266,1115,1147
./images/makenzijeva.jpeg,3,makenzijeva_r18_c01,24.0,1,14,558,589
./images/makenzijeva.jpeg,3,makenzijeva_r30_c31,22.0,445,459,951,983
./images/makenzijeva.jpeg,3,makenzijeva_r34_c21,32.0,297,311,1082,1114
./images/makenzijeva.jpeg,3,makenzijeva_r06_c30,25.0,430,444,164,196
./images/makenzijeva.jpeg,3,makenzijeva_r34_c15,40.0,208,222,1082,1114
./images/makenzijeva.jpeg,3,makenzijeva_r31_c31,39.0,445,459,984,1016
./images/makenzijeva.jpeg,3,makenzijeva_r32_c28,45.0,401,415,1017,1048
./images/makenzijeva.jpeg,3,makenzijeva_r39_c27,36.0,386,400,1246,1278
./images/makenzijeva.jpeg,3,makenzijeva_r39_c37,24.0,534,548,1246,1278
./images/makenzijeva.jpeg,3,makenzijeva_r40_c35,32.0,505,518,1279,1311
./images/makenzijeva.jpeg,3,makenzijeva_r20_c10,19.0,134,148,623,655
./images/makenzijeva.jpeg,3,makenzijeva_r32_c11,40.0,149,163,1017,1048
./images/makenzijeva.jpeg,3,makenzijeva_r35_c10,19.0,134,148,1115,1147
./images/makenzijeva.jpeg,3,makenzijeva_r34_c13,30.0,178,192,1082,1114
./images/makenzijeva.jpeg,3,makenzijeva_r32_c17,36.0,238,252,1017,1048
./images/makenzijeva.jpeg,3,makenzijeva_r03_c04,24.0,45,59,66,98
./images/makenzijeva.jpeg,3,makenzijeva_r27_c02,35.0,15,29,853,884
./images/makenzijeva.jpeg,3,makenzijeva_r28_c33,33.0,475,489,885,917
./images/makenzijeva.jpeg,3,makenzijeva_r39_c31,21.0,445,459,1246,1278
./images/makenzijeva.jpeg,3,makenzijeva_r28_c10,14.0,134,148,885,917
./images/makenzijeva.jpeg,3,makenzijeva_r22_c09,26.0,119,133,689,721
./images/makenzijeva.jpeg,3,makenzijeva_r32_c01,27.0,1,14,1017,1048
./images/makenzijeva.jpeg,3,makenzijeva_r23_c10,18.0,134,148,722,753
./images/makenzijeva.jpeg,3,makenzijeva_r29_c23,25.0,327,340,918,950
./images/makenzijeva.jpeg,3,makenzijeva_r01_c18,22.0,253,266,1,32
./images/makenzijeva.jpeg,3,makenzijeva_r14_c08,38.0,104,118,427,458
./images/makenzijeva.jpeg,3,makenzijeva_r21_c08,33.0,104,118,656,688
./images/makenzijeva.jpeg,3,makenzijeva_r34_c12,28.0,164,177,1082,1114
./images/makenzijeva.jpeg,3,makenzijeva_r39_c33,29.0,475,489,1246,1278
./images/makenzijeva.jpeg,3,makenzijeva_r30_c10,18.0,134,148,951,983
./images/makenzijeva.jpeg,3,makenzijeva_r39_c35,27.0,505,518,1246,1278
./images/makenzijeva.jpeg,3,makenzijeva_r34_c09,33.0,119,133,1082,1114
./images/makenzijeva.jpeg,3,makenzijeva_r33_c30,26.0,430,444,1049,1081
./images/makenzijeva.jpeg,3,makenzijeva_r36_c09,43.0,119,133,1148,1179
./images/makenzijeva.jpeg,3,makenzijeva_r23_c09,31.0,119,133,722,753
./images/makenzijeva.jpeg,3,makenzijeva_r30_c24,34.0,341,355,951,983
./images/makenzijeva.jpeg,3,makenzijeva_r12_c02,29.0,15,29,361,393
./images/makenzijeva.jpeg,3,makenzijeva_r04_c05,23.0,60,74,99,131
./images/makenzijeva.jpeg,3,makenzijeva_r33_c01,25.0,1,14,1049,1081
./images/makenzijeva.jpeg,3,makenzijeva_r02_c05,28.0,60,74,33,65
./images/makenzijeva.jpeg,3,makenzijeva_r19_c40,25.0,579,593,590,622
./images/makenzijeva.jpeg,3,makenzijeva_r25_c30,25.0,430,444,787,819
./images/makenzijeva.jpeg,3,makenzijeva_r29_c32,30.0,460,474,918,950
./images/makenzijeva.jpeg,3,makenzijeva_r31_c11,16.0,149,163,984,1016
./images/makenzijeva.jpeg,3,makenzijeva_r36_c40,31.0,579,593,1148,1179
./images/makenzijeva.jpeg,3,makenzijeva_r37_c13,24.0,178,192,1180,1212
./images/makenzijeva.jpeg,3,makenzijeva_r36_c10,20.0,134,148,1148,1179
./images/makenzijeva.jpeg,3,makenzijeva_r38_c40,18.0,579,593,1213,1245
./images/makenzijeva.jpeg,3,makenzijeva_r32_c19,38.0,267,281,1017,1048
./images/makenzijeva.jpeg,3,makenzijeva_r26_c10,10.0,134,148,820,852
./images/makenzijeva.jpeg,3,makenzijeva_r37_c27,27.0,386,400,1180,1212
./images/makenzijeva.jpeg,3,makenzijeva_r31_c32,19.0,460,474,984,1016
./images/makenzijeva.jpeg,3,makenzijeva_r37_c16,19.0,223,237,1180,1212
./images/makenzijeva.jpeg,3,makenzijeva_r29_c25,27.0,356,370,918,950
./images/makenzijeva.jpeg,3,makenzijeva_r37_c14,22.0,193,207,1180,1212
./images/makenzijeva.jpeg,3,makenzijeva_r32_c31,27.0,445,459,1017,1048
./images/makenzijeva.jpeg,3,makenzijeva_r02_c07,30.0,89,103,33,65
./images/makenzijeva.jpeg,3,makenzijeva_r01_c06,26.0,75,88,1,32
./images/makenzijeva.jpeg,3,makenzijeva_r01_c07,29.0,89,103,1,32
./images/makenzijeva.jpeg,3,makenzijeva_r27_c01,27.0,1,14,853,884
./images/makenzijeva.jpeg,3,makenzijeva_r27_c34,27.0,490,504,853,884
./images/makenzijeva.jpeg,3,makenzijeva_r37_c12,43.0,164,177,1180,1212
./images/makenzijeva.jpeg,3,makenzijeva_r23_c35,39.0,505,518,722,753
./images/makenzijeva.jpeg,3,makenzijeva_r31_c18,36.0,253,266,984,1016
./images/makenzijeva.jpeg,3,makenzijeva_r15_c01,15.0,1,14,459,491
./images/makenzijeva.jpeg,3,makenzijeva_r39_c29,31.0,416,429,1246,1278
./images/makenzijeva.jpeg,3,makenzijeva_r28_c02,35.0,15,29,885,917
./images/makenzijeva.jpeg,3,makenzijeva_r32_c10,23.0,134,148,1017,1048
./images/nemanjina.jpeg,1,nemanjina_r35_c17,34.0,357,378,669,687
./images/nemanjina.jpeg,1,nemanjina_r34_c16,36.0,334,356,649,668
./images/nemanjina.jpeg,1,nemanjina_r40_c21,22.0,446,467,767,786
./images/nemanjina.jpeg,1,nemanjina_r18_c23,27.0,490,511,335,353
./images/nemanjina.jpeg,1,nemanjina_r38_c15,44.0,312,333,728,746
./images/nemanjina.jpeg,1,nemanjina_r19_c26,28.0,557,578,354,373
./images/nemanjina.jpeg,1,nemanjina_r33_c20,39.0,423,445,629,648
./images/nemanjina.jpeg,1,nemanjina_r23_c20,42.0,423,445,433,451
./images/nemanjina.jpeg,1,nemanjina_r37_c14,44.0,290,311,708,727
./images/nemanjina.jpeg,1,nemanjina_r32_c19,31.0,401,422,610,628
./images/nemanjina.jpeg,1,nemanjina_r40_c37,37.0,802,823,767,786
./images/nemanjina.jpeg,1,nemanjina_r18_c22,22.0,468,489,335,353
./images/nemanjina.jpeg,1,nemanjina_r38_c27,39.0,579,600,728,746
./images/nemanjina.jpeg,1,nemanjina_r35_c15,39.0,312,333,669,687
./images/nemanjina.jpeg,1,nemanjina_r18_c21,34.0,446,467,335,353
./images/nemanjina.jpeg,1,nemanjina_r36_c12,37.0,245,267,688,707
./images/nemanjina.jpeg,1,nemanjina_r38_c20,35.0,423,445,728,746
./images/nemanjina.jpeg,1,nemanjina_r40_c18,39.0,379,400,767,786
./images/nemanjina.jpeg,1,nemanjina_r27_c19,36.0,401,422,511,530
./images/nemanjina.jpeg,1,nemanjina_r36_c17,31.0,357,378,688,707
./images/nemanjina.jpeg,1,nemanjina_r39_c28,40.0,601,623,747,766
./images/nemanjina.jpeg,1,nemanjina_r40_c33,34.0,713,734,767,786
./images/nemanjina.jpeg,1,nemanjina_r39_c29,34.0,624,645,747,766
./images/nemanjina.jpeg,1,nemanjina_r37_c22,36.0,468,489,708,727
./images/nemanjina.jpeg,1,nemanjina_r25_c18,39.0,379,400,472,491
./images/nemanjina.jpeg,1,nemanjina_r32_c20,42.0,423,445,610,628
./images/nemanjina.jpeg,1,nemanjina_r38_c18,35.0,379,400,728,746
./images/nemanjina.jpeg,1,nemanjina_r39_c32,35.0,690,712,747,766
./images/nemanjina.jpeg,1,nemanjina_r39_c22,34.0,468,489,747,766
./images/nemanjina.jpeg,1,nemanjina_r19_c21,42.0,446,467,354,373
./images/nemanjina.jpeg,1,nemanjina_r31_c19,30.0,401,422,590,609
./images/nemanjina.jpeg,1,nemanjina_r39_c13,41.0,268,289,747,766
./images/nemanjina.jpeg,1,nemanjina_r10_c40,45.0,868,890,177,196
./images/nemanjina.jpeg,1,nemanjina_r36_c13,35.0,268,289,688,707
./images/nemanjina.jpeg,1,nemanjina_r30_c17,28.0,357,378,570,589
./images/nemanjina.jpeg,1,nemanjina_r28_c17,35.0,357,378,531,550
./images/nemanjina.jpeg,1,nemanjina_r35_c18,38.0,379,400,669,687
./images/nemanjina.jpeg,1,nemanjina_r40_c36,31.0,779,801,767,786
./images/nemanjina.jpeg,1,nemanjina_r32_c16,40.0,334,356,610,628
./images/nemanjina.jpeg,2,nemanjina_r27_c20,41.0,423,445,511,530
./images/nemanjina.jpeg,2,nemanjina_r19_c25,42.0,535,556,354,373
./images/nemanjina.jpeg,2,nemanjina_r21_c25,38.0,535,556,394,412
./images/nemanjina.jpeg,2,nemanjina_r12_c23,36.0,490,511,217,235
./images/nemanjina.jpeg,2,nemanjina_r40_c25,36.0,535,556,767,786
./images/nemanjina.jpeg,2,nemanjina_r38_c29,34.0,624,645,728,746
./images/nemanjina.jpeg,2,nemanjina_r15_c24,33.0,512,534,276,294
./images/nemanjina.jpeg,2,nemanjina_r10_c37,36.0,802,823,177,196
./images/nemanjina.jpeg,2,nemanjina_r16_c23,30.0,490,511,295,314
./images/nemanjina.jpeg,2,nemanjina_r17_c26,33.0,557,578,315,334
./images/nemanjina.jpeg,2,nemanjina_r31_c22,39.0,468,489,590,609
./images/nemanjina.jpeg,2,nemanjina_r17_c24,36.0,512,534,315,334
./images/nemanjina.jpeg,2,nemanjina_r40_c23,36.0,490,511,767,786
./images/nemanjina.jpeg,2,nemanjina_r40_c40,37.0,868,890,767,786
./images/nemanjina.jpeg,2,nemanjina_r10_c24,41.0,512,534,177,196
./images/nemanjina.jpeg,2,nemanjina_r36_c11,38.0,223,244,688,707
./images/nemanjina.jpeg,2,nemanjina_r16_c22,31.0,468,489,295,314
./images/nemanjina.jpeg,2,nemanjina_r36_c33,36.0,713,734,688,707
./images/nemanjina.jpeg,2,nemanjina_r13_c40,41.0,868,890,236,255
./images/nemanjina.jpeg,2,nemanjina_r18_c24,34.0,512,534,335,353
./images/nemanjina.jpeg,2,nemanjina_r23_c18,42.0,379,400,433,451
./images/nemanjina.jpeg,2,nemanjina_r22_c18,33.0,379,400,413,432
./images/nemanjina.jpeg,2,nemanjina_r26_c22,41.0,468,489,492,510
./images/nemanjina.jpeg,2,nemanjina_r17_c23,32.0,490,511,315,334
./images/nemanjina.jpeg,2,nemanjina_r02_c25,36.0,535,556,20,39
./images/nemanjina.jpeg,2,nemanjina_r09_c40,22.0,868,890,158,176
./images/nemanjina.jpeg,2,nemanjina_r28_c16,37.0,334,356,531,550
./images/nemanjina.jpeg,2,nemanjina_r34_c35,33.0,757,778,649,668
./images/nemanjina.jpeg,2,nemanjina_r32_c25,31.0,535,556,610,628
./images/nemanjina.jpeg,2,nemanjina_r20_c25,30.0,535,556,374,393
./images/nemanjina.jpeg,2,nemanjina_r04_c30,31.0,646,667,59,78
./images/nemanjina.jpeg,2,nemanjina_r24_c21,42.0,446,467,452,471
./images/nemanjina.jpeg,2,nemanjina_r07_c37,31.0,802,823,118,137
./images/nemanjina.jpeg,2,nemanjina_r40_c30,25.0,646,667,767,786
./images/nemanjina.jpeg,2,nemanjina_r09_c39,24.0,846,867,158,176
./images/nemanjina.jpeg,2,nemanjina_r23_c21,40.0,446,467,433,451
./images/nemanjina.jpeg,2,nemanjina_r40_c35,35.0,757,778,767,786
./images/nemanjina.jpeg,2,nemanjina_r38_c21,45.0,446,467,728,746
./images/nemanjina.jpeg,2,nemanjina_r09_c36,24.0,779,801,158,176
./images/nemanjina.jpeg,2,nemanjina_r14_c22,41.0,468,489,256,275
./images/nemanjina.jpeg,2,nemanjina_r23_c24,41.0,512,534,433,451
./images/nemanjina.jpeg,2,nemanjina_r25_c22,35.0,468,489,472,491
./images/nemanjina.jpeg,2,nemanjina_r33_c16,38.0,334,356,629,648
./images/nemanjina.jpeg,2,nemanjina_r02_c30,21.0,646,667,20,39
./images/nemanjina.jpeg,2,nemanjina_r09_c24,36.0,512,534,158,176
./images/nemanjina.jpeg,2,nemanjina_r03_c25,36.0,535,556,40,58
./images/nemanjina.jpeg,2,nemanjina_r09_c38,32.0,824,845,158,176
./images/nemanjina.jpeg,2,nemanjina_r25_c21,43.0,446,467,472,491
./images/nemanjina.jpeg,2,nemanjina_r37_c10,39.0,201,222,708,727
./images/nemanjina.jpeg,2,nemanjina_r35_c12,31.0,245,267,669,687
./images/nemanjina.jpeg,2,nemanjina_r17_c20,37.0,423,445,315,334
./images/nemanjina.jpeg,2,nemanjina_r33_c35,41.0,757,778,629,648
./images/nemanjina.jpeg,2,nemanjina_r33_c15,42.0,312,333,629,648
./images/nemanjina.jpeg,2,nemanjina_r27_c22,36.0,468,489,511,530
./images/nemanjina.jpeg,2,nemanjina_r20_c26,43.0,557,578,374,393
./images/nemanjina.jpeg,2,nemanjina_r16_c26,32.0,557,578,295,314
./images/nemanjina.jpeg,2,nemanjina_r40_c39,31.0,846,867,767,786
./images/nemanjina.jpeg,2,nemanjina_r30_c16,34.0,334,356,570,589
./images/nemanjina.jpeg,2,nemanjina_r11_c40,40.0,868,890,197,216
./images/nemanjina.jpeg,2,nemanjina_r22_c20,37.0,423,445,413,432
./images/nemanjina.jpeg,2,nemanjina_r38_c28,36.0,601,623,728,746
./images/nemanjina.jpeg,2,nemanjina_r32_c02,24.0,23,44,610,628
./images/nemanjina.jpeg,2,nemanjina_r24_c23,34.0,490,511,452,471
./images/nemanjina.jpeg,2,nemanjina_r37_c12,37.0,245,267,708,727
./images/nemanjina.jpeg,2,nemanjina_r19_c23,42.0,490,511,354,373
./images/nemanjina.jpeg,2,nemanjina_r14_c21,38.0,446,467,256,275
./images/nemanjina.jpeg,2,nemanjina_r40_c22,37.0,468,489,767,786
./images/nemanjina.jpeg,2,nemanjina_r38_c32,38.0,690,712,728,746
./images/nemanjina.jpeg,2,nemanjina_r10_c23,29.0,490,511,177,196
./images/nemanjina.jpeg,3,nemanjina_r31_c35,42.0,757,778,590,609
./images/nemanjina.jpeg,3,nemanjina_r36_c24,35.0,512,534,688,707
./images/nemanjina.jpeg,3,nemanjina_r33_c13,20.0,268,289,629,648
./images/nemanjina.jpeg,3,nemanjina_r30_c22,34.0,468,489,570,589
./images/nemanjina.jpeg,3,nemanjina_r27_c30,15.0,646,667,511,530
./images/nemanjina.jpeg,3,nemanjina_r26_c31,28.0,668,689,492,510
./images/nemanjina.jpeg,3,nemanjina_r39_c39,38.0,846,867,747,766
./images/nemanjina.jpeg,3,nemanjina_r35_c23,37.0,490,511,669,687
./images/nemanjina.jpeg,3,nemanjina_r31_c34,28.0,735,756,590,609
./images/nemanjina.jpeg,3,nemanjina_r38_c31,30.0,668,689,728,746
./images/nemanjina.jpeg,3,nemanjina_r35_c31,18.0,668,689,669,687
./images/nemanjina.jpeg,3,nemanjina_r35_c30,29.0,646,667,669,687
./images/nemanjina.jpeg,3,nemanjina_r33_c06,24.0,112,133,629,648
./images/nemanjina.jpeg,3,nemanjina_r34_c33,32.0,713,734,649,668
./images/nemanjina.jpeg,3,nemanjina_r34_c09,37.0,179,200,649,668
./images/nemanjina.jpeg,3,nemanjina_r33_c23,13.0,490,511,629,648
./images/nemanjina.jpeg,3,nemanjina_r37_c36,28.0,779,801,708,727
./images/nemanjina.jpeg,3,nemanjina_r36_c23,44.0,490,511,688,707
./images/nemanjina.jpeg,3,nemanjina_r35_c29,28.0,624,645,669,687
./images/nemanjina.jpeg,3,nemanjina_r23_c17,28.0,357,378,433,451
./images/nemanjina.jpeg,3,nemanjina_r34_c13,29.0,268,289,649,668
./images/nemanjina.jpeg,3,nemanjina_r35_c32,19.0,690,712,669,687
./images/nemanjina.jpeg,3,nemanjina_r33_c33,24.0,713,734,629,648
./images/nemanjina.jpeg,3,nemanjina_r36_c32,36.0,690,712,688,707
./images/nemanjina.jpeg,3,nemanjina_r34_c06,9.0,112,133,649,668
./images/nemanjina.jpeg,3,nemanjina_r35_c22,37.0,468,489,669,687
./images/nemanjina.jpeg,3,nemanjina_r21_c22,42.0,468,489,394,412
./images/nemanjina.jpeg,3,nemanjina_r09_c23,28.0,490,511,158,176
./images/nemanjina.jpeg,3,nemanjina_r34_c36,23.0,779,801,649,668
./images/nemanjina.jpeg,3,nemanjina_r34_c26,32.0,557,578,649,668
./images/nemanjina.jpeg,3,nemanjina_r16_c28,27.0,601,623,295,314
./images/nemanjina.jpeg,3,nemanjina_r39_c40,9.0,868,890,747,766
./images/nemanjina.jpeg,3,nemanjina_r25_c30,19.0,646,667,472,491
./images/nemanjina.jpeg,3,nemanjina_r34_c31,27.0,668,689,649,668
./images/nemanjina.jpeg,3,nemanjina_r27_c31,40.0,668,689,511,530
./images/nemanjina.jpeg,3,nemanjina_r34_c07,29.0,134,155,649,668
./images/nemanjina.jpeg,3,nemanjina_r38_c36,17.0,779,801,728,746
./images/nemanjina.jpeg,3,nemanjina_r25_c16,25.0,334,356,472,491
./images/nemanjina.jpeg,3,nemanjina_r22_c25,21.0,535,556,413,432
./images/nemanjina.jpeg,3,nemanjina_r13_c27,23.0,579,600,236,255
./images/nemanjina.jpeg,3,nemanjina_r18_c18,24.0,379,400,335,353
./images/nemanjina.jpeg,3,nemanjina_r06_c38,28.0,824,845,99,117
./images/nemanjina.jpeg,3,nemanjina_r34_c29,34.0,624,645,649,668
./images/nemanjina.jpeg,3,nemanjina_r34_c12,26.0,245,267,649,668
./images/nemanjina.jpeg,3,nemanjina_r37_c28,36.0,601,623,708,727
./images/nemanjina.jpeg,3,nemanjina_r37_c30,31.0,646,667,708,727
./images/nemanjina.jpeg,3,nemanjina_r20_c18,41.0,379,400,374,393
./images/nemanjina.jpeg,3,nemanjina_r24_c24,25.0,512,534,452,471
./images/nemanjina.jpeg,3,nemanjina_r20_c28,28.0,601,623,374,393
./images/nemanjina.jpeg,3,nemanjina_r27_c23,35.0,490,511,511,530
./images/nemanjina.jpeg,3,nemanjina_r31_c15,30.0,312,333,590,609
./images/nemanjina.jpeg,3,nemanjina_r07_c39,32.0,846,867,118,137
./images/nemanjina.jpeg,3,nemanjina_r12_c21,19.0,446,467,217,235
./images/nemanjina.jpeg,3,nemanjina_r26_c16,24.0,334,356,492,510
./images/nemanjina.jpeg,3,nemanjina_r03_c24,27.0,512,534,40,58
./images/nemanjina.jpeg,3,nemanjina_r24_c30,38.0,646,667,452,471
./images/nemanjina.jpeg,3,nemanjina_r21_c35,26.0,757,778,394,412
./images/nemanjina.jpeg,3,nemanjina_r37_c35,35.0,757,778,708,727
./images/nemanjina.jpeg,3,nemanjina_r35_c26,38.0,557,578,669,687
./images/nemanjina.jpeg,3,nemanjina_r36_c08,18.0,156,178,688,707
./images/nemanjina.jpeg,3,nemanjina_r30_c14,34.0,290,311,570,589
./images/nemanjina.jpeg,3,nemanjina_r34_c27,34.0,579,600,649,668
./images/nemanjina.jpeg,3,nemanjina_r02_c26,26.0,557,578,20,39
./images/nemanjina.jpeg,3,nemanjina_r40_c12,32.0,245,267,767,786
./images/nemanjina.jpeg,3,nemanjina_r08_c34,28.0,735,756,138,157
./images/nemanjina.jpeg,3,nemanjina_r30_c15,17.0,312,333,570,589
./images/nemanjina.jpeg,3,nemanjina_r19_c32,14.0,690,712,354,373
./images/nemanjina.jpeg,3,nemanjina_r36_c31,26.0,668,689,688,707
./images/nemanjina.jpeg,3,nemanjina_r35_c24,32.0,512,534,669,687
./images/nemanjina.jpeg,3,nemanjina_r33_c11,24.0,223,244,629,648
./images/nemanjina.jpeg,3,nemanjina_r34_c30,28.0,646,667,649,668
./images/nemanjina.jpeg,3,nemanjina_r35_c28,30.0,601,623,669,687
./images/prote-mateje.jpeg,1,prote-mateje_r18_c33,18.0,523,538,298,314
./images/prote-mateje.jpeg,1,prote-mateje_r27_c27,30.0,425,440,455,471
./images/prote-mateje.jpeg,1,prote-mateje_r23_c31,26.0,490,506,385,401
./images/prote-mateje.jpeg,1,prote-mateje_r15_c39,17.0,621,636,245,262
./images/prote-mateje.jpeg,1,prote-mateje_r15_c37,31.0,588,604,245,262
./images/prote-mateje.jpeg,1,prote-mateje_r22_c29,28.0,458,473,367,384
./images/prote-mateje.jpeg,1,prote-mateje_r10_c31,29.0,490,506,158,174
./images/prote-mateje.jpeg,1,prote-mateje_r18_c37,23.0,588,604,298,314
./images/prote-mateje.jpeg,1,prote-mateje_r15_c40,28.0,637,653,245,262
./images/prote-mateje.jpeg,1,prote-mateje_r10_c28,22.0,441,457,158,174
./images/prote-mateje.jpeg,1,prote-mateje_r19_c34,36.0,539,555,315,332
./images/prote-mateje.jpeg,1,prote-mateje_r17_c39,18.0,621,636,280,297
./images/prote-mateje.jpeg,1,prote-mateje_r24_c28,32.0,441,457,402,419
./images/prote-mateje.jpeg,1,prote-mateje_r19_c32,20.0,507,522,315,332
./images/prote-mateje.jpeg,1,prote-mateje_r17_c38,21.0,605,620,280,297
./images/prote-mateje.jpeg,1,prote-mateje_r30_c24,25.0,376,391,507,524
./images/prote-mateje.jpeg,1,prote-mateje_r21_c35,21.0,556,571,350,366
./images/prote-mateje.jpeg,1,prote-mateje_r17_c35,31.0,556,571,280,297
./images/prote-mateje.jpeg,1,prote-mateje_r20_c32,20.0,507,522,333,349
./images/prote-mateje.jpeg,1,prote-mateje_r18_c38,20.0,605,620,298,314
./images/prote-mateje.jpeg,1,prote-mateje_r21_c31,18.0,490,506,350,366
./images/prote-mateje.jpeg,1,prote-mateje_r19_c37,24.0,588,604,315,332
./images/prote-mateje.jpeg,1,prote-mateje_r08_c37,23.0,588,604,123,139
./images/prote-mateje.jpeg,1,prote-mateje_r04_c39,27.0,621,636,53,69
./images/prote-mateje.jpeg,1,prote-mateje_r14_c40,24.0,637,653,228,244
./images/prote-mateje.jpeg,1,prote-mateje_r11_c30,24.0,474,489,175,192
./images/prote-mateje.jpeg,1,prote-mateje_r20_c33,24.0,523,538,333,349
./images/prote-mateje.jpeg,1,prote-mateje_r12_c39,18.0,621,636,193,209
./images/prote-mateje.jpeg,1,prote-mateje_r16_c39,22.0,621,636,263,279
./images/prote-mateje.jpeg,1,prote-mateje_r23_c28,16.0,441,457,385,401
./images/prote-mateje.jpeg,1,prote-mateje_r10_c29,18.0,458,473,158,174
./images/prote-mateje.jpeg,1,prote-mateje_r12_c40,28.0,637,653,193,209
./images/prote-mateje.jpeg,1,prote-mateje_r10_c32,22.0,507,522,158,174
./images/prote-mateje.jpeg,1,prote-mateje_r22_c30,28.0,474,489,367,384
./images/prote-mateje.jpeg,1,prote-mateje_r14_c39,22.0,621,636,228,244
./images/prote-mateje.jpeg,1,prote-mateje_r18_c36,29.0,572,587,298,314
./images/prote-mateje.jpeg,1,prote-mateje_r24_c27,30.0,425,440,402,419
./images/prote-mateje.jpeg,1,prote-mateje_r21_c34,21.0,539,555,350,366
./images/prote-mateje.jpeg,1,prote-mateje_r19_c33,25.0,523,538,315,332
./images/prote-mateje.jpeg,1,prote-mateje_r13_c39,16.0,621,636,210,227
./images/prote-mateje.jpeg,1,prote-mateje_r09_c29,32.0,458,473,140,157
./images/prote-mateje.jpeg,1,prote-mateje_r29_c24,24.0,376,391,490,506
./images/prote-mateje.jpeg,1,prote-mateje_r18_c35,16.0,556,571,298,314
./images/prote-mateje.jpeg,1,prote-mateje_r17_c36,32.0,572,587,280,297
./images/prote-mateje.jpeg,1,prote-mateje_r06_c40,31.0,637,653,88,104
./images/prote-mateje.jpeg,1,prote-mateje_r08_c31,23.0,490,506,123,139
./images/prote-mateje.jpeg,1,prote-mateje_r24_c29,29.0,458,473,402,419
./images/prote-mateje.jpeg,1,prote-mateje_r05_c38,26.0,605,620,70,87
./images/prote-mateje.jpeg,1,prote-mateje_r08_c29,32.0,458,473,123,139
./images/prote-mateje.jpeg,1,prote-mateje_r05_c40,22.0,637,653,70,87
./images/prote-mateje.jpeg,1,prote-mateje_r13_c40,24.0,637,653,210,227
./images/prote-mateje.jpeg,1,prote-mateje_r16_c38,24.0,605,620,263,279
./images/prote-mateje.jpeg,1,prote-mateje_r16_c37,18.0,588,604,263,279
./images/prote-mateje.jpeg,1,prote-mateje_r09_c36,30.0,572,587,140,157
./images/prote-mateje.jpeg,1,prote-mateje_r07_c40,26.0,637,653,105,122
./images/prote-mateje.jpeg,1,prote-mateje_r10_c40,28.0,637,653,158,174
./images/prote-mateje.jpeg,1,prote-mateje_r09_c33,19.0,523,538,140,157
./images/prote-mateje.jpeg,1,prote-mateje_r07_c39,22.0,621,636,105,122
./images/prote-mateje.jpeg,1,prote-mateje_r07_c36,26.0,572,587,105,122
./images/prote-mateje.jpeg,2,prote-mateje_r08_c30,24.0,474,489,123,139
./images/prote-mateje.jpeg,2,prote-mateje_r04_c40,20.0,637,653,53,69
./images/prote-mateje.jpeg,2,prote-mateje_r30_c25,18.0,392,408,507,524
./images/prote-mateje.jpeg,2,prote-mateje_r08_c38,28.0,605,620,123,139
./images/prote-mateje.jpeg,2,prote-mateje_r10_c38,30.0,605,620,158,174
./images/prote-mateje.jpeg,2,prote-mateje_r08_c32,21.0,507,522,123,139
./images/prote-mateje.jpeg,2,prote-mateje_r24_c30,30.0,474,489,402,419
./images/prote-mateje.jpeg,2,prote-mateje_r09_c38,30.0,605,620,140,157
./images/prote-mateje.jpeg,2,prote-mateje_r02_c40,19.0,637,653,18,34
./images/prote-mateje.jpeg,2,prote-mateje_r10_c37,22.0,588,604,158,174
./images/prote-mateje.jpeg,2,prote-mateje_r13_c36,28.0,572,587,210,227
./images/prote-mateje.jpeg,2,prote-mateje_r23_c32,18.0,507,522,385,401
./images/prote-mateje.jpeg,2,prote-mateje_r12_c33,12.0,523,538,193,209
./images/prote-mateje.jpeg,2,prote-mateje_r22_c33,21.0,523,538,367,384
./images/prote-mateje.jpeg,2,prote-mateje_r08_c33,14.0,523,538,123,139
./images/prote-mateje.jpeg,2,prote-mateje_r04_c38,23.0,605,620,53,69
./images/prote-mateje.jpeg,2,prote-mateje_r10_c39,25.0,621,636,158,174
./images/prote-mateje.jpeg,2,prote-mateje_r28_c26,30.0,409,424,472,489
./images/prote-mateje.jpeg,2,prote-mateje_r12_c34,28.0,539,555,193,209
./images/prote-mateje.jpeg,2,prote-mateje_r10_c34,22.0,539,555,158,174
./images/prote-mateje.jpeg,2,prote-mateje_r08_c28,25.0,441,457,123,139
./images/prote-mateje.jpeg,2,prote-mateje_r10_c35,25.0,556,571,158,174
./images/prote-mateje.jpeg,2,prote-mateje_r19_c38,25.0,605,620,315,332
./images/prote-mateje.jpeg,2,prote-mateje_r14_c37,17.0,588,604,228,244
./images/prote-mateje.jpeg,2,prote-mateje_r34_c02,21.0,17,32,577,594
./images/prote-mateje.jpeg,2,prote-mateje_r25_c27,23.0,425,440,420,436
./images/prote-mateje.jpeg,2,prote-mateje_r07_c37,31.0,588,604,105,122
./images/prote-mateje.jpeg,2,prote-mateje_r03_c40,35.0,637,653,35,52
./images/prote-mateje.jpeg,2,prote-mateje_r09_c31,27.0,490,506,140,157
./images/prote-mateje.jpeg,2,prote-mateje_r26_c25,26.0,392,408,437,454
./images/prote-mateje.jpeg,2,prote-mateje_r22_c32,27.0,507,522,367,384
./images/prote-mateje.jpeg,2,prote-mateje_r09_c35,24.0,556,571,140,157
./images/prote-mateje.jpeg,2,prote-mateje_r18_c39,18.0,621,636,298,314
./images/prote-mateje.jpeg,2,prote-mateje_r11_c37,30.0,588,604,175,192
./images/prote-mateje.jpeg,2,prote-mateje_r25_c26,17.0,409,424,420,436
./images/prote-mateje.jpeg,2,prote-mateje_r08_c36,25.0,572,587,123,139
./images/prote-mateje.jpeg,2,prote-mateje_r09_c28,27.0,441,457,140,157
./images/prote-mateje.jpeg,2,prote-mateje_r07_c28,21.0,441,457,105,122
./images/prote-mateje.jpeg,2,prote-mateje_r14_c36,19.0,572,587,228,244
./images/prote-mateje.jpeg,2,prote-mateje_r08_c40,18.0,637,653,123,139
./images/prote-mateje.jpeg,2,prote-mateje_r12_c36,18.0,572,587,193,209
./images/prote-mateje.jpeg,2,prote-mateje_r07_c27,20.0,425,440,105,122
./images/prote-mateje.jpeg,2,prote-mateje_r08_c34,18.0,539,555,123,139
./images/prote-mateje.jpeg,2,prote-mateje_r11_c34,27.0,539,555,175,192
./images/prote-mateje.jpeg,2,prote-mateje_r03_c39,28.0,621,636,35,52
./images/prote-mateje.jpeg,2,prote-mateje_r09_c37,22.0,588,604,140,157
./images/prote-mateje.jpeg,2,prote-mateje_r20_c31,29.0,490,506,333,349
./images/prote-mateje.jpeg,2,prote-mateje_r12_c30,24.0,474,489,193,209
./images/prote-mateje.jpeg,2,prote-mateje_r11_c36,22.0,572,587,175,192
./images/prote-mateje.jpeg,2,prote-mateje_r22_c34,23.0,539,555,367,384
./images/prote-mateje.jpeg,2,prote-mateje_r13_c35,25.0,556,571,210,227
./images/prote-mateje.jpeg,2,prote-mateje_r09_c39,26.0,621,636,140,157
./images/prote-mateje.jpeg,2,prote-mateje_r13_c38,31.0,605,620,210,227
./images/prote-mateje.jpeg,3,prote-mateje_r21_c40,22.0,637,653,350,366
./images/prote-mateje.jpeg,3,prote-mateje_r07_c31,26.0,490,506,105,122
./images/prote-mateje.jpeg,3,prote-mateje_r05_c35,11.0,556,571,70,87
./images/prote-mateje.jpeg,3,prote-mateje_r16_c32,11.0,507,522,263,279
./images/prote-mateje.jpeg,3,prote-mateje_r06_c36,19.0,572,587,88,104
./images/prote-mateje.jpeg,3,prote-mateje_r13_c30,14.0,474,489,210,227
./images/prote-mateje.jpeg,3,prote-mateje_r19_c31,29.0,490,506,315,332
./images/prote-mateje.jpeg,3,prote-mateje_r21_c29,16.0,458,473,350,366
./images/prote-mateje.jpeg,3,prote-mateje_r14_c34,17.0,539,555,228,244
./images/prote-mateje.jpeg,3,prote-mateje_r01_c39,23.0,621,636,1,17
./images/prote-mateje.jpeg,3,prote-mateje_r13_c37,20.0,588,604,210,227
./images/prote-mateje.jpeg,3,prote-mateje_r15_c36,18.0,572,587,245,262
./images/prote-mateje.jpeg,3,prote-mateje_r09_c32,32.0,507,522,140,157
./images/prote-mateje.jpeg,3,prote-mateje_r02_c11,12.0,164,179,18,34
./images/prote-mateje.jpeg,3,prote-mateje_r02_c38,27.0,605,620,18,34
./images/prote-mateje.jpeg,3,prote-mateje_r09_c13,25.0,196,212,140,157
./images/prote-mateje.jpeg,3,prote-mateje_r18_c30,14.0,474,489,298,314
./images/prote-mateje.jpeg,3,prote-mateje_r01_c32,26.0,507,522,1,17
./images/prote-mateje.jpeg,3,prote-mateje_r14_c31,29.0,490,506,228,244
./images/prote-mateje.jpeg,3,prote-mateje_r16_c30,15.0,474,489,263,279
./images/prote-mateje.jpeg,3,prote-mateje_r08_c06,16.0,82,97,123,139
./images/prote-mateje.jpeg,3,prote-mateje_r03_c34,15.0,539,555,35,52
./images/prote-mateje.jpeg,3,prote-mateje_r14_c30,16.0,474,489,228,244
./images/prote-mateje.jpeg,3,prote-mateje_r16_c35,19.0,556,571,263,279
./images/prote-mateje.jpeg,3,prote-mateje_r19_c30,18.0,474,489,315,332
./images/prote-mateje.jpeg,3,prote-mateje_r03_c37,20.0,588,604,35,52
./images/prote-mateje.jpeg,3,prote-mateje_r09_c06,20.0,82,97,140,157
./images/prote-mateje.jpeg,3,prote-mateje_r20_c37,15.0,588,604,333,349
./images/prote-mateje.jpeg,3,prote-mateje_r01_c40,22.0,637,653,1,17
./images/prote-mateje.jpeg,3,prote-mateje_r03_c36,20.0,572,587,35,52
./images/prote-mateje.jpeg,3,prote-mateje_r13_c29,15.0,458,473,210,227
./images/prote-mateje.jpeg,3,prote-mateje_r25_c32,16.0,507,522,420,436
./images/prote-mateje.jpeg,3,prote-mateje_r17_c33,19.0,523,538,280,297
./images/prote-mateje.jpeg,3,prote-mateje_r07_c35,17.0,556,571,105,122
./images/prote-mateje.jpeg,3,prote-mateje_r13_c31,27.0,490,506,210,227
./images/prote-mateje.jpeg,3,prote-mateje_r21_c39,13.0,621,636,350,366
./images/prote-mateje.jpeg,3,prote-mateje_r20_c39,19.0,621,636,333,349
./images/prote-mateje.jpeg,3,prote-mateje_r01_c37,18.0,588,604,1,17
./images/prote-mateje.jpeg,3,prote-mateje_r20_c38,22.0,605,620,333,349
./images/prote-mateje.jpeg,3,prote-mateje_r20_c40,25.0,637,653,333,349
./images/prote-mateje.jpeg,3,prote-mateje_r04_c35,14.0,556,571,53,69
./images/prote-mateje.jpeg,3,prote-mateje_r17_c30,15.0,474,489,280,297
./images/prote-mateje.jpeg,3,prote-mateje_r20_c30,15.0,474,489,333,349
./images/prote-mateje.jpeg,3,prote-mateje_r18_c31,18.0,490,506,298,314
./images/prote-mateje.jpeg,3,prote-mateje_r03_c11,12.0,164,179,35,52
./images/prote-mateje.jpeg,3,prote-mateje_r04_c36,13.0,572,587,53,69
./images/prote-mateje.jpeg,3,prote-mateje_r08_c26,21.0,409,424,123,139
./images/prote-mateje.jpeg,3,prote-mateje_r07_c32,21.0,507,522,105,122
./images/prote-mateje.jpeg,3,prote-mateje_r04_c37,14.0,588,604,53,69
./images/prote-mateje.jpeg,3,prote-mateje_r24_c32,20.0,507,522,402,419
./images/prote-mateje.jpeg,3,prote-mateje_r01_c38,20.0,605,620,1,17
./images/prote-mateje.jpeg,3,prote-mateje_r12_c29,15.0,458,473,193,209
./images/prote-mateje.jpeg,3,prote-mateje_r05_c36,21.0,572,587,70,87
./images/prote-mateje.jpeg,3,prote-mateje_r15_c31,24.0,490,506,245,262
./images/prote-mateje.jpeg,3,prote-mateje_r06_c37,20.0,588,604,88,104
./images/prote-mateje.jpeg,3,prote-mateje_r15_c34,22.0,539,555,245,262
./images/prote-mateje.jpeg,3,prote-mateje_r07_c34,26.0,539,555,105,122
./images/prote-mateje.jpeg,3,prote-mateje_r11_c32,27.0,507,522,175,192
./images/prote-mateje.jpeg,3,prote-mateje_r11_c33,14.0,523,538,175,192
./images/prote-mateje.jpeg,3,prote-mateje_r01_c33,19.0,523,538,1,17
./images/prote-mateje.jpeg,3,prote-mateje_r02_c39,19.0,621,636,18,34
./images/prote-mateje.jpeg,3,prote-mateje_r19_c39,23.0,621,636,315,332
./images/prote-mateje.jpeg,3,prote-mateje_r01_c12,20.0,180,195,1,17
./images/prote-mateje.jpeg,3,prote-mateje_r15_c33,19.0,523,538,245,262
./images/prote-mateje.jpeg,3,prote-mateje_r24_c33,21.0,523,538,402,419
./images/prote-mateje.jpeg,3,prote-mateje_r02_c12,20.0,180,195,18,34
./images/prote-mateje.jpeg,3,prote-mateje_r14_c27,13.0,425,440,228,244
./images/prote-mateje.jpeg,3,prote-mateje_r07_c33,22.0,523,538,105,122
./images/slavija-centar.jpeg,1,slavija-centar_r24_c31,43.0,566,584,581,606
./images/slavija-centar.jpeg,1,slavija-centar_r01_c13,44.0,227,245,1,25
./images/slavija-centar.jpeg,1,slavija-centar_r16_c08,43.0,132,150,379,404
./images/slavija-centar.jpeg,1,slavija-centar_r15_c31,35.0,566,584,354,378
./images/slavija-centar.jpeg,1,slavija-centar_r02_c40,36.0,736,754,26,50
./images/slavija-centar.jpeg,1,slavija-centar_r05_c11,32.0,189,207,102,126
./images/slavija-centar.jpeg,1,slavija-centar_r17_c38,45.0,698,716,405,429
./images/slavija-centar.jpeg,1,slavija-centar_r14_c12,31.0,208,226,329,353
./images/slavija-centar.jpeg,1,slavija-centar_r11_c17,52.0,302,320,253,277
./images/slavija-centar.jpeg,1,slavija-centar_r10_c19,33.0,340,358,228,252
./images/slavija-centar.jpeg,1,slavija-centar_r06_c09,43.0,151,169,127,151
./images/slavija-centar.jpeg,1,slavija-centar_r37_c24,35.0,434,452,910,934
./images/slavija-centar.jpeg,1,slavija-centar_r11_c28,42.0,509,527,253,277
./images/slavija-centar.jpeg,1,slavija-centar_r15_c38,32.0,698,716,354,378
./images/slavija-centar.jpeg,1,slavija-centar_r25_c38,49.0,698,716,607,631
./images/slavija-centar.jpeg,1,slavija-centar_r25_c31,35.0,566,584,607,631
./images/slavija-centar.jpeg,1,slavija-centar_r02_c14,34.0,246,263,26,50
./images/slavija-centar.jpeg,1,slavija-centar_r15_c18,41.0,321,339,354,378
./images/slavija-centar.jpeg,1,slavija-centar_r05_c12,35.0,208,226,102,126
./images/slavija-centar.jpeg,1,slavija-centar_r37_c12,43.0,208,226,910,934
./images/slavija-centar.jpeg,1,slavija-centar_r18_c12,41.0,208,226,430,454
./images/slavija-centar.jpeg,1,slavija-centar_r14_c17,29.0,302,320,329,353
./images/slavija-centar.jpeg,1,slavija-centar_r22_c37,41.0,679,697,531,555
./images/slavija-centar.jpeg,1,slavija-centar_r25_c26,33.0,472,490,607,631
./images/slavija-centar.jpeg,1,slavija-centar_r10_c16,36.0,283,301,228,252
./images/slavija-centar.jpeg,1,slavija-centar_r17_c11,45.0,189,207,405,429
./images/slavija-centar.jpeg,1,slavija-centar_r16_c17,43.0,302,320,379,404
./images/slavija-centar.jpeg,1,slavija-centar_r03_c16,32.0,283,301,51,75
./images/slavija-centar.jpeg,1,slavija-centar_r11_c26,34.0,472,490,253,277
./images/slavija-centar.jpeg,1,slavija-centar_r03_c38,43.0,698,716,51,75
./images/slavija-centar.jpeg,1,slavija-centar_r23_c04,35.0,57,75,556,580
./images/slavija-centar.jpeg,1,slavija-centar_r24_c03,44.0,38,56,581,606
./images/slavija-centar.jpeg,1,slavija-centar_r34_c11,40.0,189,207,834,858
./images/slavija-centar.jpeg,1,slavija-centar_r39_c16,49.0,283,301,960,984
./images/slavija-centar.jpeg,1,slavija-centar_r09_c14,40.0,246,263,203,227
./images/slavija-centar.jpeg,1,slavija-centar_r18_c35,41.0,641,659,430,454
./images/slavija-centar.jpeg,1,slavija-centar_r21_c23,39.0,415,433,506,530
./images/slavija-centar.jpeg,1,slavija-centar_r18_c26,49.0,472,490,430,454
./images/slavija-centar.jpeg,1,slavija-centar_r25_c40,37.0,736,754,607,631
./images/slavija-centar.jpeg,1,slavija-centar_r01_c37,32.0,679,697,1,25
./images/slavija-centar.jpeg,1,slavija-centar_r24_c28,38.0,509,527,581,606
./images/slavija-centar.jpeg,1,slavija-centar_r01_c39,27.0,717,735,1,25
./images/slavija-centar.jpeg,1,slavija-centar_r06_c12,43.0,208,226,127,151
./images/slavija-centar.jpeg,1,slavija-centar_r11_c18,30.0,321,339,253,277
./images/slavija-centar.jpeg,1,slavija-centar_r12_c22,35.0,396,414,278,303
./images/slavija-centar.jpeg,1,slavija-centar_r26_c40,31.0,736,754,632,656
./images/slavija-centar.jpeg,1,slavija-centar_r15_c28,43.0,509,527,354,378
./images/slavija-centar.jpeg,1,slavija-centar_r28_c01,31.0,1,18,682,707
./images/slavija-centar.jpeg,1,slavija-centar_r04_c16,46.0,283,301,76,101
./images/slavija-centar.jpeg,1,slavija-centar_r18_c40,29.0,736,754,430,454
./images/slavija-centar.jpeg,1,slavija-centar_r09_c21,34.0,378,395,203,227
./images/slavija-centar.jpeg,1,slavija-centar_r33_c29,35.0,528,546,809,833
./images/slavija-centar.jpeg,1,slavija-centar_r09_c13,46.0,227,245,203,227
./images/slavija-centar.jpeg,1,slavija-centar_r06_c13,39.0,227,245,127,151
./images/slavija-centar.jpeg,1,slavija-centar_r09_c12,42.0,208,226,203,227
./images/slavija-centar.jpeg,1,slavija-centar_r01_c12,33.0,208,226,1,25
./images/slavija-centar.jpeg,1,slavija-centar_r10_c08,44.0,132,150,228,252
./images/slavija-centar.jpeg,1,slavija-centar_r34_c20,41.0,359,377,834,858
./images/slavija-centar.jpeg,1,slavija-centar_r38_c21,24.0,378,395,935,959
./images/slavija-centar.jpeg,2,slavija-centar_r31_c15,44.0,264,282,758,782
./images/slavija-centar.jpeg,2,slavija-centar_r29_c06,46.0,95,113,708,732
./images/slavija-centar.jpeg,2,slavija-centar_r16_c18,41.0,321,339,379,404
./images/slavija-centar.jpeg,2,slavija-centar_r06_c38,36.0,698,716,127,151
./images/slavija-centar.jpeg,2,slavija-centar_r31_c05,40.0,76,94,758,782
./images/slavija-centar.jpeg,2,slavija-centar_r31_c36,38.0,660,678,758,782
./images/slavija-centar.jpeg,2,slavija-centar_r16_c35,52.0,641,659,379,404
./images/slavija-centar.jpeg,2,slavija-centar_r07_c07,40.0,114,131,152,176
./images/slavija-centar.jpeg,2,slavija-centar_r32_c15,40.0,264,282,783,808
./images/slavija-centar.jpeg,2,slavija-centar_r32_c19,44.0,340,358,783,808
./images/slavija-centar.jpeg,2,slavija-centar_r24_c11,47.0,189,207,581,606
./images/slavija-centar.jpeg,2,slavija-centar_r33_c38,46.0,698,716,809,833
./images/slavija-centar.jpeg,2,slavija-centar_r23_c03,42.0,38,56,556,580
./images/slavija-centar.jpeg,2,slavija-centar_r14_c37,44.0,679,697,329,353
./images/slavija-centar.jpeg,2,slavija-centar_r20_c10,34.0,170,188,480,505
./images/slavija-centar.jpeg,2,slavija-centar_r16_c23,40.0,415,433,379,404
./images/slavija-centar.jpeg,2,slavija-centar_r31_c14,40.0,246,263,758,782
./images/slavija-centar.jpeg,2,slavija-centar_r40_c17,37.0,302,320,985,1010
./images/slavija-centar.jpeg,2,slavija-centar_r21_c28,40.0,509,527,506,530
./images/slavija-centar.jpeg,2,slavija-centar_r16_c11,37.0,189,207,379,404
./images/slavija-centar.jpeg,2,slavija-centar_r10_c07,33.0,114,131,228,252
./images/slavija-centar.jpeg,2,slavija-centar_r25_c36,35.0,660,678,607,631
./images/slavija-centar.jpeg,2,slavija-centar_r26_c02,40.0,19,37,632,656
./images/slavija-centar.jpeg,2,slavija-centar_r07_c40,29.0,736,754,152,176
./images/slavija-centar.jpeg,2,slavija-centar_r07_c34,36.0,623,640,152,176
./images/slavija-centar.jpeg,2,slavija-centar_r10_c18,40.0,321,339,228,252
./images/slavija-centar.jpeg,2,slavija-centar_r29_c11,48.0,189,207,708,732
./images/slavija-centar.jpeg,2,slavija-centar_r28_c30,44.0,547,565,682,707
./images/slavija-centar.jpeg,2,slavija-centar_r01_c19,29.0,340,358,1,25
./images/slavija-centar.jpeg,2,slavija-centar_r34_c18,39.0,321,339,834,858
./images/slavija-centar.jpeg,2,slavija-centar_r35_c07,35.0,114,131,859,883
./images/slavija-centar.jpeg,2,slavija-centar_r22_c10,49.0,170,188,531,555
./images/slavija-centar.jpeg,2,slavija-centar_r27_c39,38.0,717,735,657,681
./images/slavija-centar.jpeg,2,slavija-centar_r05_c36,39.0,660,678,102,126
./images/slavija-centar.jpeg,2,slavija-centar_r34_c39,39.0,717,735,834,858
./images/slavija-centar.jpeg,2,slavija-centar_r34_c14,37.0,246,263,834,858
./images/slavija-centar.jpeg,2,slavija-centar_r03_c31,43.0,566,584,51,75
./images/slavija-centar.jpeg,2,slavija-centar_r39_c27,30.0,491,508,960,984
./images/slavija-centar.jpeg,2,slavija-centar_r30_c22,50.0,396,414,733,757
./images/slavija-centar.jpeg,2,slavija-centar_r17_c32,33.0,585,603,405,429
./images/slavija-centar.jpeg,2,slavija-centar_r30_c27,34.0,491,508,733,757
./images/slavija-centar.jpeg,2,slavija-centar_r35_c16,46.0,283,301,859,883
./images/slavija-centar.jpeg,3,slavija-centar_r07_c05,36.0,76,94,152,176
./images/slavija-centar.jpeg,3,slavija-centar_r31_c13,38.0,227,245,758,782
./images/slavija-centar.jpeg,3,slavija-centar_r34_c34,35.0,623,640,834,858
./images/slavija-centar.jpeg,3,slavija-centar_r04_c35,41.0,641,659,76,101
./images/slavija-centar.jpeg,3,slavija-centar_r39_c38,35.0,698,716,960,984
./images/slavija-centar.jpeg,3,slavija-centar_r36_c05,48.0,76,94,884,909
./images/slavija-centar.jpeg,3,slavija-centar_r23_c12,42.0,208,226,556,580
./images/slavija-centar.jpeg,3,slavija-centar_r18_c25,43.0,453,471,430,454
./images/slavija-centar.jpeg,3,slavija-centar_r13_c32,24.0,585,603,304,328
./images/slavija-centar.jpeg,3,slavija-centar_r38_c35,35.0,641,659,935,959
./images/slavija-centar.jpeg,3,slavija-centar_r15_c23,49.0,415,433,354,378
./images/slavija-centar.jpeg,3,slavija-centar_r28_c26,41.0,472,490,682,707
./images/slavija-centar.jpeg,3,slavija-centar_r29_c05,49.0,76,94,708,732
./images/slavija-centar.jpeg,3,slavija-centar_r01_c26,41.0,472,490,1,25
./images/slavija-centar.jpeg,3,slavija-centar_r32_c12,40.0,208,226,783,808
./images/slavija-centar.jpeg,3,slavija-centar_r37_c38,39.0,698,716,910,934
./images/slavija-centar.jpeg,3,slavija-centar_r07_c32,34.0,585,603,152,176
./images/slavija-centar.jpeg,3,slavija-centar_r28_c15,35.0,264,282,682,707
./images/slavija-centar.jpeg,3,slavija-centar_r29_c24,46.0,434,452,708,732
./images/slavija-centar.jpeg,3,slavija-centar_r05_c07,33.0,114,131,102,126
./images/slavija-centar.jpeg,3,slavija-centar_r12_c32,24.0,585,603,278,303
./images/slavija-centar.jpeg,3,slavija-centar_r37_c07,37.0,114,131,910,934
./images/slavija-centar.jpeg,3,slavija-centar_r26_c23,36.0,415,433,632,656
./images/slavija-centar.jpeg,3,slavija-centar_r33_c36,42.0,660,678,809,833
./images/slavija-centar.jpeg,3,slavija-centar_r28_c25,39.0,453,471,682,707
./images/slavija-centar.jpeg,3,slavija-centar_r07_c26,32.0,472,490,152,176
./images/slavija-centar.jpeg,3,slavija-centar_r37_c34,31.0,623,640,910,934
./images/slavija-centar.jpeg,3,slavija-centar_r34_c23,43.0,415,433,834,858
./images/slavija-centar.jpeg,3,slavija-centar_r25_c15,10.0,264,282,607,631
./images/slavija-centar.jpeg,3,slavija-centar_r40_c34,35.0,623,640,985,1010
./images/slavija-centar.jpeg,3,slavija-centar_r04_c28,33.0,509,527,76,101
./images/slavija-centar.jpeg,3,slavija-centar_r08_c06,40.0,95,113,177,202
./images/slavija-centar.jpeg,3,slavija-centar_r04_c20,39.0,359,377,76,101
./images/slavija-centar.jpeg,3,slavija-centar_r14_c22,36.0,396,414,329,353
./images/slavija-centar.jpeg,3,slavija-centar_r29_c04,36.0,57,75,708,732
./images/slavija-centar.jpeg,3,slavija-centar_r16_c04,43.0,57,75,379,404
./images/slavija-centar.jpeg,3,slavija-centar_r30_c21,33.0,378,395,733,757
./images/slavija-centar.jpeg,3,slavija-centar_r11_c03,20.0,38,56,253,277
./images/slavija-centar.jpeg,3,slavija-centar_r09_c03,34.0,38,56,203,227
./images/slavija-centar.jpeg,3,slavija-centar_r01_c22,43.0,396,414,1,25
./images/slavija-centar.jpeg,3,slavija-centar_r06_c36,39.0,660,678,127,151
./images/slavija-centar.jpeg,3,slavija-centar_r23_c20,11.0,359,377,556,580
./images/slavija-centar.jpeg,3,slavija-centar_r37_c33,44.0,604,622,910,934
./images/slavija-centar.jpeg,3,slavija-centar_r34_c28,35.0,509,527,834,858
./images/slavija-centar.jpeg,3,slavija-centar_r39_c36,43.0,660,678,960,984
./images/slavija-centar.jpeg,3,slavija-centar_r32_c03,40.0,38,56,783,808
./images/slavija-centar.jpeg,3,slavija-centar_r29_c08,28.0,132,150,708,732
./images/slavija-centar.jpeg,3,slavija-centar_r35_c33,46.0,604,622,859,883
./images/slavija-centar.jpeg,3,slavija-centar_r15_c02,40.0,19,37,354,378
./images/slavija-centar.jpeg,3,slavija-centar_r30_c33,37.0,604,622,733,757
./images/slavija-centar.jpeg,3,slavija-centar_r34_c16,31.0,283,301,834,858
./images/slavija-centar.jpeg,3,slavija-centar_r36_c18,45.0,321,339,884,909
./images/slavija-centar.jpeg,3,slavija-centar_r32_c23,36.0,415,433,783,808
./images/slavija-centar.jpeg,3,slavija-centar_r04_c19,46.0,340,358,76,101
./images/slavija-centar.jpeg,3,slavija-centar_r24_c27,45.0,491,508,581,606
./images/slavija-centar.jpeg,3,slavija-centar_r04_c30,30.0,547,565,76,101
./images/slavija-centar.jpeg,3,slavija-centar_r35_c05,41.0,76,94,859,883
./images/slavija-centar.jpeg,3,slavija-centar_r26_c24,40.0,434,452,632,656
./images/slavija-centar.jpeg,3,slavija-centar_r05_c04,23.0,57,75,102,126
./images/slavija-centar.jpeg,3,slavija-centar_r22_c15,22.0,264,282,531,555
./images/slavija-centar.jpeg,3,slavija-centar_r36_c24,48.0,434,452,884,909
./images/slavija-centar.jpeg,3,slavija-centar_r26_c18,28.0,321,339,632,656
./images/slavija-centar.jpeg,3,slavija-centar_r30_c38,33.0,698,716,733,757
./images/slavija-centar.jpeg,3,slavija-centar_r14_c02,24.0,19,37,329,353
./images/slavija-centar.jpeg,3,slavija-centar_r20_c03,42.0,38,56,480,505
./images/slavija-centar.jpeg,3,slavija-centar_r36_c38,38.0,698,716,884,909
./images/slavija-centar.jpeg,3,slavija-centar_r31_c35,45.0,641,659,758,782
./images/slavija-centar.jpeg,3,slavija-centar_r32_c32,46.0,585,603,783,808
./images/slavija-centar.jpeg,3,slavija-centar_r06_c31,36.0,566,584,127,151
./images/slavija-centar.jpeg,3,slavija-centar_r27_c11,39.0,189,207,657,681
./images/slavija-centar.jpeg,3,slavija-centar_r12_c33,17.0,604,622,278,303
./images/slavija-centar.jpeg,3,slavija-centar_r35_c01,24.0,1,18,859,883
./images/slavija-centar.jpeg,3,slavija-centar_r18_c04,27.0,57,75,430,454
./images/slavija-centar.jpeg,3,slavija-centar_r10_c33,35.0,604,622,228,252
./images/slavija-centar.jpeg,3,slavija-centar_r35_c04,31.0,57,75,859,883
./images/slavija-centar.jpeg,3,slavija-centar_r33_c33,39.0,604,622,809,833
./images/slavija-centar.jpeg,3,slavija-centar_r11_c37,35.0,679,697,253,277
./images/slavija-centar.jpeg,3,slavija-centar_r06_c27,36.0,491,508,127,151
./images/slavija-centar.jpeg,3,slavija-centar_r37_c10,30.0,170,188,910,934
